"","year","month","day","keyword","specialsearchcount","advancedextensioncount"
"1",2018,1,5,"fileres",6,0
"2",2018,1,5,"filetype",11,0
"3",2018,1,5,"filter_only",893,0
"4",2018,1,5,"full_text",2965581,201
"5",2018,1,5,"full_text_querystring",100304,2
"6",2018,1,5,"full_text_simple_match",2864384,199
"7",2018,1,5,"hastemplate",66,0
"8",2018,1,5,"incategory",651,0
"9",2018,1,5,"insource",274,0
"10",2018,1,5,"intitle",1863,0
"11",2018,1,5,"phrase_match_prefix",22,0
"12",2018,1,5,"prefer-recent",2,0
"13",2018,1,5,"prefix",2446,0
"14",2018,1,5,"query_string",13313,2
"15",2018,1,6,"filemime",3,0
"16",2018,1,6,"filetype",5,0
"17",2018,1,6,"filew",2,0
"18",2018,1,6,"filter_only",6044,16
"19",2018,1,6,"full_text",23326947,1180
"20",2018,1,6,"full_text_querystring",1212387,94
"21",2018,1,6,"full_text_simple_match",22108516,1070
"22",2018,1,6,"hastemplate",146,0
"23",2018,1,6,"incategory",6002,0
"24",2018,1,6,"insource",1476,16
"25",2018,1,6,"intitle",14007,0
"26",2018,1,6,"linksto",15,0
"27",2018,1,6,"phrase_match_prefix",72,0
"28",2018,1,6,"prefer-recent",40,0
"29",2018,1,6,"prefix",16532,0
"30",2018,1,6,"query_string",128819,80
"31",2018,1,7,"filemime",21,0
"32",2018,1,7,"filetype",2,0
"33",2018,1,7,"filter_only",8757,48
"34",2018,1,7,"full_text",25681503,1290
"35",2018,1,7,"full_text_querystring",1220858,204
"36",2018,1,7,"full_text_simple_match",24451888,1038
"37",2018,1,7,"hastemplate",190,0
"38",2018,1,7,"incategory",10020,0
"39",2018,1,7,"insource",2616,48
"40",2018,1,7,"intitle",13154,14
"41",2018,1,7,"linksto",91,0
"42",2018,1,7,"local",35,0
"43",2018,1,7,"phrase_match_prefix",65,0
"44",2018,1,7,"prefer-recent",16,0
"45",2018,1,7,"prefix",17385,0
"46",2018,1,7,"query_string",119296,189
"47",2018,1,8,"filemime",4,0
"48",2018,1,8,"filetype",35,0
"49",2018,1,8,"filter_only",14835,8
"50",2018,1,8,"full_text",28834929,692
"51",2018,1,8,"full_text_querystring",1351002,67
"52",2018,1,8,"full_text_simple_match",27469092,617
"53",2018,1,8,"hastemplate",313,0
"54",2018,1,8,"incategory",13132,0
"55",2018,1,8,"insource",2723,8
"56",2018,1,8,"intitle",16375,24
"57",2018,1,8,"linksto",58,0
"58",2018,1,8,"phrase_match_prefix",92,0
"59",2018,1,8,"prefer-recent",88,0
"60",2018,1,8,"prefix",22375,0
"61",2018,1,8,"query_string",122869,51
"62",2018,1,9,"filetype",17,0
"63",2018,1,9,"filter_only",15131,48
"64",2018,1,9,"full_text",29822027,1361
"65",2018,1,9,"full_text_querystring",1403369,191
"66",2018,1,9,"full_text_simple_match",28403527,1122
"67",2018,1,9,"hastemplate",758,16
"68",2018,1,9,"incategory",13578,0
"69",2018,1,9,"inlanguage",1,0
"70",2018,1,9,"insource",2239,88
"71",2018,1,9,"intitle",16486,0
"72",2018,1,9,"linksto",40,0
"73",2018,1,9,"phrase_match_prefix",227,0
"74",2018,1,9,"prefer-recent",17,0
"75",2018,1,9,"prefix",22067,16
"76",2018,1,9,"query_string",127411,150
"77",2018,1,10,"filesize",3,0
"78",2018,1,10,"filetype",46,16
"79",2018,1,10,"filew",16,16
"80",2018,1,10,"filter_only",16739,16
"81",2018,1,10,"full_text",29936399,1175
"82",2018,1,10,"full_text_querystring",1392276,69
"83",2018,1,10,"full_text_simple_match",28527384,1090
"84",2018,1,10,"hastemplate",246,8
"85",2018,1,10,"incategory",14803,0
"86",2018,1,10,"inlanguage",4,0
"87",2018,1,10,"insource",2184,8
"88",2018,1,10,"intitle",16541,16
"89",2018,1,10,"linksto",6,0
"90",2018,1,10,"phrase_match_prefix",338,0
"91",2018,1,10,"prefer-recent",44,0
"92",2018,1,10,"prefix",20784,8
"93",2018,1,10,"query_string",130855,45
"94",2018,1,11,"filemime",7,0
"95",2018,1,11,"filetype",20,16
"96",2018,1,11,"filter_only",18854,0
"97",2018,1,11,"full_text",29366323,1719
"98",2018,1,11,"full_text_querystring",1350096,415
"99",2018,1,11,"full_text_simple_match",27997373,1304
"100",2018,1,11,"hastemplate",616,0
"101",2018,1,11,"incategory",18645,0
"102",2018,1,11,"insource",1721,0
"103",2018,1,11,"intitle",16750,71
"104",2018,1,11,"linksto",955,0
"105",2018,1,11,"nearcoord",45,0
"106",2018,1,11,"neartitle",4,0
"107",2018,1,11,"phrase_match_prefix",386,0
"108",2018,1,11,"prefer-recent",57,0
"109",2018,1,11,"prefix",19582,16
"110",2018,1,11,"query_string",118410,415
"111",2018,1,12,"filemime",3,0
"112",2018,1,12,"fileres",18,0
"113",2018,1,12,"filetype",5,0
"114",2018,1,12,"filter_only",16924,32
"115",2018,1,12,"full_text",26447037,1525
"116",2018,1,12,"full_text_querystring",1300487,176
"117",2018,1,12,"full_text_simple_match",25129626,1317
"118",2018,1,12,"hastemplate",162,16
"119",2018,1,12,"incategory",16372,416
"120",2018,1,12,"insource",2311,16
"121",2018,1,12,"intitle",14351,64
"122",2018,1,12,"linksto",290,0
"123",2018,1,12,"phrase_match_prefix",84,0
"124",2018,1,12,"prefer-recent",68,0
"125",2018,1,12,"prefix",19563,0
"126",2018,1,12,"query_string",112616,136
"127",2018,1,13,"filemime",2,0
"128",2018,1,13,"fileres",6,0
"129",2018,1,13,"filetype",21,0
"130",2018,1,13,"filter_only",19238,16
"131",2018,1,13,"full_text",23288257,1118
"132",2018,1,13,"full_text_querystring",1145302,70
"133",2018,1,13,"full_text_simple_match",22123717,1032
"134",2018,1,13,"hastemplate",341,0
"135",2018,1,13,"incategory",17743,0
"136",2018,1,13,"insource",2024,16
"137",2018,1,13,"intitle",16780,0
"138",2018,1,13,"linksto",116,0
"139",2018,1,13,"phrase_match_prefix",6,0
"140",2018,1,13,"prefer-recent",48,0
"141",2018,1,13,"prefix",17623,0
"142",2018,1,13,"query_string",117976,32
"143",2018,1,14,"boost-templates",16,0
"144",2018,1,14,"filemime",6,0
"145",2018,1,14,"fileres",12,0
"146",2018,1,14,"filetype",56,0
"147",2018,1,14,"filter_only",9432,40
"148",2018,1,14,"full_text",25986407,887
"149",2018,1,14,"full_text_querystring",1197449,102
"150",2018,1,14,"full_text_simple_match",24779526,745
"151",2018,1,14,"hastemplate",463,0
"152",2018,1,14,"incategory",7188,0
"153",2018,1,14,"insource",3364,40
"154",2018,1,14,"intitle",16617,0
"155",2018,1,14,"linksto",180,0
"156",2018,1,14,"phrase_match_prefix",60,0
"157",2018,1,14,"prefer-recent",15,0
"158",2018,1,14,"prefix",16585,0
"159",2018,1,14,"query_string",102908,88
"160",2018,1,15,"filemime",2,0
"161",2018,1,15,"filetype",6,0
"162",2018,1,15,"filter_only",8141,96
"163",2018,1,15,"full_text",29555189,1100
"164",2018,1,15,"full_text_querystring",1370089,230
"165",2018,1,15,"full_text_simple_match",28176959,774
"166",2018,1,15,"hastemplate",898,0
"167",2018,1,15,"incategory",6973,0
"168",2018,1,15,"insource",2838,104
"169",2018,1,15,"intitle",14012,0
"170",2018,1,15,"linksto",54,0
"171",2018,1,15,"phrase_match_prefix",70,0
"172",2018,1,15,"prefer-recent",72,0
"173",2018,1,15,"prefix",20833,0
"174",2018,1,15,"query_string",117910,182
"175",2018,1,16,"boost-nearcoord",5,0
"176",2018,1,16,"boost-neartitle",5,0
"177",2018,1,16,"filemime",108,0
"178",2018,1,16,"filetype",90,0
"179",2018,1,16,"filter_only",8710,40
"180",2018,1,16,"full_text",30601604,1235
"181",2018,1,16,"full_text_querystring",1364308,155
"182",2018,1,16,"full_text_simple_match",29228586,1040
"183",2018,1,16,"hastemplate",510,0
"184",2018,1,16,"incategory",8764,0
"185",2018,1,16,"inlanguage",27,0
"186",2018,1,16,"insource",2016,40
"187",2018,1,16,"intitle",13630,0
"188",2018,1,16,"linksto",36,0
"189",2018,1,16,"nearcoord",21,0
"190",2018,1,16,"phrase_match_prefix",302,0
"191",2018,1,16,"prefer-recent",60,0
"192",2018,1,16,"prefix",21267,0
"193",2018,1,16,"query_string",118087,154
"194",2018,1,17,"boost-templates",16,0
"195",2018,1,17,"contentmodel",14,0
"196",2018,1,17,"filemime",8,0
"197",2018,1,17,"filetype",44,0
"198",2018,1,17,"filter_only",10749,0
"199",2018,1,17,"full_text",30604962,879
"200",2018,1,17,"full_text_querystring",1370347,110
"201",2018,1,17,"full_text_simple_match",29223866,769
"202",2018,1,17,"hastemplate",368,0
"203",2018,1,17,"incategory",10745,0
"204",2018,1,17,"insource",2327,0
"205",2018,1,17,"intitle",13469,23
"206",2018,1,17,"linksto",42,0
"207",2018,1,17,"phrase_match_prefix",43,0
"208",2018,1,17,"prefer-recent",30,0
"209",2018,1,17,"prefix",20368,0
"210",2018,1,17,"query_string",115514,102
"211",2018,1,18,"filemime",22,0
"212",2018,1,18,"filetype",15,8
"213",2018,1,18,"filter_only",10091,16
"214",2018,1,18,"full_text",29915252,574
"215",2018,1,18,"full_text_querystring",1389898,102
"216",2018,1,18,"full_text_simple_match",28515263,456
"217",2018,1,18,"hastemplate",217,0
"218",2018,1,18,"incategory",8628,0
"219",2018,1,18,"inlanguage",4,0
"220",2018,1,18,"insource",2498,16
"221",2018,1,18,"intitle",13221,38
"222",2018,1,18,"linksto",894,0
"223",2018,1,18,"local",10,0
"224",2018,1,18,"neartitle",126,0
"225",2018,1,18,"phrase_match_prefix",92,0
"226",2018,1,18,"prefer-recent",34,0
"227",2018,1,18,"prefix",18658,0
"228",2018,1,18,"query_string",105902,69
"229",2018,1,19,"filemime",2,0
"230",2018,1,19,"filetype",36,0
"231",2018,1,19,"filter_only",10379,72
"232",2018,1,19,"full_text",26871936,832
"233",2018,1,19,"full_text_querystring",1306865,117
"234",2018,1,19,"full_text_simple_match",25554692,643
"235",2018,1,19,"hastemplate",747,24
"236",2018,1,19,"incategory",7780,0
"237",2018,1,19,"inlanguage",1,0
"238",2018,1,19,"insource",3868,48
"239",2018,1,19,"intitle",12792,0
"240",2018,1,19,"linksto",71,0
"241",2018,1,19,"nearcoord",11,0
"242",2018,1,19,"phrase_match_prefix",44,0
"243",2018,1,19,"prefer-recent",34,0
"244",2018,1,19,"prefix",21975,24
"245",2018,1,19,"query_string",108668,102
"246",2018,1,20,"filetype",16,0
"247",2018,1,20,"filter_only",6665,61
"248",2018,1,20,"full_text",23576997,886
"249",2018,1,20,"full_text_querystring",1113327,47
"250",2018,1,20,"full_text_simple_match",22457005,778
"251",2018,1,20,"hastemplate",123,0
"252",2018,1,20,"incategory",7063,0
"253",2018,1,20,"insource",1785,61
"254",2018,1,20,"intitle",11460,6
"255",2018,1,20,"linksto",941,0
"256",2018,1,20,"nearcoord",4,0
"257",2018,1,20,"phrase_match_prefix",130,0
"258",2018,1,20,"prefer-recent",40,0
"259",2018,1,20,"prefix",14695,0
"260",2018,1,20,"query_string",97290,32
"261",2018,1,21,"filemime",14,0
"262",2018,1,21,"filetype",2,0
"263",2018,1,21,"filter_only",7351,32
"264",2018,1,21,"full_text",26293982,892
"265",2018,1,21,"full_text_querystring",1201032,96
"266",2018,1,21,"full_text_simple_match",25085599,764
"267",2018,1,21,"hastemplate",571,32
"268",2018,1,21,"incategory",6113,0
"269",2018,1,21,"inlanguage",3,0
"270",2018,1,21,"insource",2141,32
"271",2018,1,21,"intitle",12294,72
"272",2018,1,21,"linksto",150,0
"273",2018,1,21,"phrase_match_prefix",1,0
"274",2018,1,21,"prefer-recent",32,0
"275",2018,1,21,"prefix",17196,0
"276",2018,1,21,"query_string",103341,96
"277",2018,1,22,"contentmodel",7,0
"278",2018,1,22,"degraded_full_text",1,0
"279",2018,1,22,"filemime",26,0
"280",2018,1,22,"filetype",8,0
"281",2018,1,22,"filter_only",8691,18
"282",2018,1,22,"full_text",30683856,1333
"283",2018,1,22,"full_text_querystring",1366983,144
"284",2018,1,22,"full_text_simple_match",29308182,1171
"285",2018,1,22,"hastemplate",848,0
"286",2018,1,22,"incategory",7019,8
"287",2018,1,22,"insource",2299,10
"288",2018,1,22,"intitle",13888,0
"289",2018,1,22,"linksto",3,0
"290",2018,1,22,"local",1,0
"291",2018,1,22,"phrase_match_prefix",37,0
"292",2018,1,22,"prefer-recent",19,0
"293",2018,1,22,"prefix",22431,0
"294",2018,1,22,"query_string",117136,144
"295",2018,1,23,"filetype",26,0
"296",2018,1,23,"filter_only",8463,88
"297",2018,1,23,"full_text",30873244,843
"298",2018,1,23,"full_text_querystring",1465370,96
"299",2018,1,23,"full_text_simple_match",29399411,659
"300",2018,1,23,"hastemplate",358,8
"301",2018,1,23,"incategory",8080,0
"302",2018,1,23,"inlanguage",5,0
"303",2018,1,23,"insource",1631,80
"304",2018,1,23,"intitle",13378,0
"305",2018,1,23,"linksto",12,0
"306",2018,1,23,"local",42,0
"307",2018,1,23,"nearcoord",3,0
"308",2018,1,23,"phrase_match_prefix",42,0
"309",2018,1,23,"prefer-recent",24,0
"310",2018,1,23,"prefix",19828,0
"311",2018,1,23,"query_string",114496,88
"312",2018,1,24,"degraded_full_text",1,0
"313",2018,1,24,"filetype",4,0
"314",2018,1,24,"filter_only",11273,26
"315",2018,1,24,"full_text",30517435,978
"316",2018,1,24,"full_text_querystring",1377819,26
"317",2018,1,24,"full_text_simple_match",29128343,926
"318",2018,1,24,"hastemplate",881,0
"319",2018,1,24,"incategory",9741,0
"320",2018,1,24,"inlanguage",2,1
"321",2018,1,24,"insource",1907,24
"322",2018,1,24,"intitle",13991,2
"323",2018,1,24,"linksto",24,0
"324",2018,1,24,"phrase_match_prefix",262,0
"325",2018,1,24,"prefer-recent",27,0
"326",2018,1,24,"prefix",22059,2
"327",2018,1,24,"query_string",114484,26
"328",2018,1,25,"filemime",1,0
"329",2018,1,25,"filetype",22,0
"330",2018,1,25,"filter_only",8975,8
"331",2018,1,25,"full_text",29855048,833
"332",2018,1,25,"full_text_querystring",1362906,31
"333",2018,1,25,"full_text_simple_match",28483167,794
"334",2018,1,25,"hastemplate",1932,0
"335",2018,1,25,"incategory",8566,0
"336",2018,1,25,"inlanguage",1,0
"337",2018,1,25,"insource",2220,8
"338",2018,1,25,"intitle",14662,0
"339",2018,1,25,"linksto",10,0
"340",2018,1,25,"nearcoord",3,0
"341",2018,1,25,"phrase_match_prefix",73,0
"342",2018,1,25,"prefer-recent",59,0
"343",2018,1,25,"prefix",20421,0
"344",2018,1,25,"query_string",122066,31
"345",2018,1,26,"filemime",2,0
"346",2018,1,26,"filetype",1,0
"347",2018,1,26,"filter_only",8981,32
"348",2018,1,26,"full_text",26669075,1146
"349",2018,1,26,"full_text_querystring",1307019,64
"350",2018,1,26,"full_text_simple_match",25353075,1050
"351",2018,1,26,"hastemplate",646,0
"352",2018,1,26,"incategory",8420,0
"353",2018,1,26,"inlanguage",2,0
"354",2018,1,26,"insource",1427,32
"355",2018,1,26,"intitle",13333,0
"356",2018,1,26,"linksto",56,0
"357",2018,1,26,"phrase_match_prefix",213,0
"358",2018,1,26,"prefer-recent",51,0
"359",2018,1,26,"prefix",19780,0
"360",2018,1,26,"query_string",103290,48
"361",2018,1,26,"subpageof",5,0
"362",2018,1,27,"filemime",3,0
"363",2018,1,27,"filetype",5,0
"364",2018,1,27,"filter_only",7565,40
"365",2018,1,27,"full_text",23580795,1017
"366",2018,1,27,"full_text_querystring",1167673,76
"367",2018,1,27,"full_text_simple_match",22405557,901
"368",2018,1,27,"hastemplate",1711,0
"369",2018,1,27,"incategory",5235,0
"370",2018,1,27,"inlanguage",3,0
"371",2018,1,27,"insource",3950,40
"372",2018,1,27,"intitle",11704,0
"373",2018,1,27,"linksto",46,0
"374",2018,1,27,"phrase_match_prefix",64,0
"375",2018,1,27,"prefer-recent",57,0
"376",2018,1,27,"prefix",15992,0
"377",2018,1,27,"query_string",127939,48
"378",2018,1,28,"filemime",1,0
"379",2018,1,28,"filetype",12,0
"380",2018,1,28,"filter_only",8670,64
"381",2018,1,28,"full_text",26735379,1091
"382",2018,1,28,"full_text_querystring",1190953,163
"383",2018,1,28,"full_text_simple_match",25535756,864
"384",2018,1,28,"hastemplate",478,40
"385",2018,1,28,"incategory",8028,0
"386",2018,1,28,"insource",1443,24
"387",2018,1,28,"intitle",12761,0
"388",2018,1,28,"linksto",66,0
"389",2018,1,28,"phrase_match_prefix",11,0
"390",2018,1,28,"prefer-recent",51,0
"391",2018,1,28,"prefix",16733,0
"392",2018,1,28,"query_string",98217,156
"393",2018,1,29,"contentmodel",48,0
"394",2018,1,29,"filemime",8,0
"395",2018,1,29,"filetype",12,0
"396",2018,1,29,"filter_only",7758,19
"397",2018,1,29,"full_text",30762986,712
"398",2018,1,29,"full_text_querystring",1357975,65
"399",2018,1,29,"full_text_simple_match",29397253,628
"400",2018,1,29,"hastemplate",777,0
"401",2018,1,29,"incategory",6320,0
"402",2018,1,29,"inlanguage",5,3
"403",2018,1,29,"insource",1188,16
"404",2018,1,29,"intitle",14217,38
"405",2018,1,29,"linksto",679,0
"406",2018,1,29,"nearcoord",4,0
"407",2018,1,29,"phrase_match_prefix",32,0
"408",2018,1,29,"prefer-recent",48,0
"409",2018,1,29,"prefix",21514,3
"410",2018,1,29,"query_string",116137,48
"411",2018,1,29,"subpageof",50,0
"412",2018,1,30,"contentmodel",121,0
"413",2018,1,30,"filemime",2,0
"414",2018,1,30,"filetype",4,0
"415",2018,1,30,"filter_only",8481,8
"416",2018,1,30,"full_text",30648146,909
"417",2018,1,30,"full_text_querystring",1326383,126
"418",2018,1,30,"full_text_simple_match",29313282,775
"419",2018,1,30,"hastemplate",476,0
"420",2018,1,30,"incategory",6671,0
"421",2018,1,30,"inlanguage",2,0
"422",2018,1,30,"insource",2021,8
"423",2018,1,30,"intitle",14493,5
"424",2018,1,30,"linksto",239,0
"425",2018,1,30,"nearcoord",3,0
"426",2018,1,30,"phrase_match_prefix",48,0
"427",2018,1,30,"prefer-recent",71,0
"428",2018,1,30,"prefix",20858,0
"429",2018,1,30,"query_string",115445,71
"430",2018,1,31,"contentmodel",1,0
"431",2018,1,31,"filetype",20,3
"432",2018,1,31,"filter_only",8890,24
"433",2018,1,31,"full_text",30261367,1247
"434",2018,1,31,"full_text_querystring",1335283,163
"435",2018,1,31,"full_text_simple_match",28917194,1060
"436",2018,1,31,"hastemplate",1202,0
"437",2018,1,31,"incategory",8099,0
"438",2018,1,31,"insource",2414,24
"439",2018,1,31,"intitle",13562,13
"440",2018,1,31,"linksto",62,0
"441",2018,1,31,"nearcoord",3,0
"442",2018,1,31,"phrase_match_prefix",69,0
"443",2018,1,31,"prefer-recent",68,0
"444",2018,1,31,"prefix",24907,8
"445",2018,1,31,"query_string",121301,147
"446",2018,2,1,"filesize",4,0
"447",2018,2,1,"filetype",7,0
"448",2018,2,1,"filew",96,0
"449",2018,2,1,"filter_only",5641,8
"450",2018,2,1,"full_text",22514257,687
"451",2018,2,1,"full_text_querystring",961727,70
"452",2018,2,1,"full_text_simple_match",21546889,609
"453",2018,2,1,"hastemplate",105,0
"454",2018,2,1,"incategory",5519,0
"455",2018,2,1,"inlanguage",4,0
"456",2018,2,1,"insource",1192,8
"457",2018,2,1,"intitle",10701,0
"458",2018,2,1,"phrase_match_prefix",58,0
"459",2018,2,1,"prefer-recent",60,0
"460",2018,2,1,"prefix",17018,0
"461",2018,2,1,"query_string",84490,54
"462",2018,2,2,"filemime",9,0
"463",2018,2,2,"filetype",5,0
"464",2018,2,2,"filter_only",5684,16
"465",2018,2,2,"full_text",26516190,1113
"466",2018,2,2,"full_text_querystring",1267753,9
"467",2018,2,2,"full_text_simple_match",25242753,1088
"468",2018,2,2,"hastemplate",246,0
"469",2018,2,2,"incategory",6444,0
"470",2018,2,2,"insource",1742,16
"471",2018,2,2,"intitle",13733,0
"472",2018,2,2,"linksto",90,0
"473",2018,2,2,"nearcoord",3,0
"474",2018,2,2,"phrase_match_prefix",130,0
"475",2018,2,2,"prefer-recent",96,0
"476",2018,2,2,"prefix",20139,24
"477",2018,2,2,"query_string",112821,9
"478",2018,2,3,"boost-neartitle",21,0
"479",2018,2,3,"filetype",10,0
"480",2018,2,3,"filter_only",6051,16
"481",2018,2,3,"full_text",23164572,843
"482",2018,2,3,"full_text_querystring",1109569,95
"483",2018,2,3,"full_text_simple_match",22048952,732
"484",2018,2,3,"hastemplate",630,0
"485",2018,2,3,"incategory",5330,0
"486",2018,2,3,"inlanguage",21,0
"487",2018,2,3,"insource",1890,16
"488",2018,2,3,"intitle",12997,38
"489",2018,2,3,"linksto",79,0
"490",2018,2,3,"local",38,0
"491",2018,2,3,"neartitle",49,0
"492",2018,2,3,"phrase_match_prefix",20,0
"493",2018,2,3,"prefer-recent",110,0
"494",2018,2,3,"prefix",16258,0
"495",2018,2,3,"query_string",97702,40
"496",2018,2,3,"subpageof",22,0
"497",2018,2,4,"filemime",4,0
"498",2018,2,4,"filetype",28,0
"499",2018,2,4,"filter_only",5281,32
"500",2018,2,4,"full_text",25944809,788
"501",2018,2,4,"full_text_querystring",1144035,25
"502",2018,2,4,"full_text_simple_match",24795493,731
"503",2018,2,4,"hastemplate",233,0
"504",2018,2,4,"incategory",7164,0
"505",2018,2,4,"insource",1353,32
"506",2018,2,4,"intitle",13053,8
"507",2018,2,4,"linksto",73,0
"508",2018,2,4,"neartitle",6,0
"509",2018,2,4,"phrase_match_prefix",96,0
"510",2018,2,4,"prefer-recent",72,0
"511",2018,2,4,"prefix",17277,0
"512",2018,2,4,"query_string",98225,24
"513",2018,2,5,"filemime",3,0
"514",2018,2,5,"filetype",7,0
"515",2018,2,5,"filter_only",6587,68
"516",2018,2,5,"full_text",29969570,1212
"517",2018,2,5,"full_text_querystring",1313147,105
"518",2018,2,5,"full_text_simple_match",28649836,1039
"519",2018,2,5,"hastemplate",528,0
"520",2018,2,5,"incategory",6131,0
"521",2018,2,5,"inlanguage",3,0
"522",2018,2,5,"insource",1796,68
"523",2018,2,5,"intitle",13666,0
"524",2018,2,5,"linksto",60,0
"525",2018,2,5,"nearcoord",1,0
"526",2018,2,5,"phrase_match_prefix",245,0
"527",2018,2,5,"prefer-recent",117,0
"528",2018,2,5,"prefix",22163,0
"529",2018,2,5,"query_string",110705,17
"530",2018,2,6,"filemime",1,0
"531",2018,2,6,"filetype",80,0
"532",2018,2,6,"filter_only",8333,8
"533",2018,2,6,"full_text",31138220,840
"534",2018,2,6,"full_text_querystring",1443957,92
"535",2018,2,6,"full_text_simple_match",29685930,740
"536",2018,2,6,"hastemplate",425,0
"537",2018,2,6,"incategory",9459,0
"538",2018,2,6,"inlanguage",7,0
"539",2018,2,6,"insource",2138,8
"540",2018,2,6,"intitle",16102,1
"541",2018,2,6,"linksto",103,0
"542",2018,2,6,"phrase_match_prefix",337,0
"543",2018,2,6,"prefer-recent",45,0
"544",2018,2,6,"prefix",20735,0
"545",2018,2,6,"query_string",231578,92
"546",2018,2,7,"filemime",5,0
"547",2018,2,7,"filetype",15,0
"548",2018,2,7,"filter_only",7218,16
"549",2018,2,7,"full_text",31490360,789
"550",2018,2,7,"full_text_querystring",1412073,47
"551",2018,2,7,"full_text_simple_match",30071069,726
"552",2018,2,7,"hastemplate",423,0
"553",2018,2,7,"incategory",6431,0
"554",2018,2,7,"inlanguage",9,5
"555",2018,2,7,"insource",1742,16
"556",2018,2,7,"intitle",13565,12
"557",2018,2,7,"linksto",79,0
"558",2018,2,7,"phrase_match_prefix",71,0
"559",2018,2,7,"prefer-recent",59,0
"560",2018,2,7,"prefix",33747,0
"561",2018,2,7,"query_string",120453,43
"562",2018,2,8,"contentmodel",40,0
"563",2018,2,8,"filemime",3,0
"564",2018,2,8,"filetype",4,0
"565",2018,2,8,"filter_only",10075,16
"566",2018,2,8,"full_text",30593462,854
"567",2018,2,8,"full_text_querystring",1325914,112
"568",2018,2,8,"full_text_simple_match",29257473,726
"569",2018,2,8,"hastemplate",2445,0
"570",2018,2,8,"incategory",9611,0
"571",2018,2,8,"inlanguage",7,0
"572",2018,2,8,"insource",4176,16
"573",2018,2,8,"intitle",16360,0
"574",2018,2,8,"linksto",173,0
"575",2018,2,8,"nearcoord",11,0
"576",2018,2,8,"neartitle",61,0
"577",2018,2,8,"phrase_match_prefix",64,0
"578",2018,2,8,"prefer-recent",92,0
"579",2018,2,8,"prefix",91835,0
"580",2018,2,8,"query_string",122350,112
"581",2018,2,9,"filetype",30,0
"582",2018,2,9,"filter_only",7579,8
"583",2018,2,9,"full_text",27209073,1281
"584",2018,2,9,"full_text_querystring",1272834,431
"585",2018,2,9,"full_text_simple_match",25928660,842
"586",2018,2,9,"hastemplate",687,0
"587",2018,2,9,"incategory",7221,312
"588",2018,2,9,"inlanguage",286,0
"589",2018,2,9,"insource",2023,8
"590",2018,2,9,"intitle",13141,35
"591",2018,2,9,"linksto",67,0
"592",2018,2,9,"local",30,0
"593",2018,2,9,"nearcoord",1,0
"594",2018,2,9,"phrase_match_prefix",132,0
"595",2018,2,9,"prefer-recent",58,0
"596",2018,2,9,"prefix",37637,0
"597",2018,2,9,"query_string",108562,431
"598",2018,2,10,"filesize",5,0
"599",2018,2,10,"filetype",26,0
"600",2018,2,10,"filter_only",6505,8
"601",2018,2,10,"full_text",23227712,1047
"602",2018,2,10,"full_text_querystring",1122403,53
"603",2018,2,10,"full_text_simple_match",22098804,986
"604",2018,2,10,"hastemplate",207,0
"605",2018,2,10,"incategory",8368,0
"606",2018,2,10,"inlanguage",1828,0
"607",2018,2,10,"insource",1104,8
"608",2018,2,10,"intitle",11390,21
"609",2018,2,10,"linksto",68,0
"610",2018,2,10,"phrase_match_prefix",12,0
"611",2018,2,10,"prefer-recent",51,0
"612",2018,2,10,"prefix",20790,0
"613",2018,2,10,"query_string",101170,46
"614",2018,2,11,"contentmodel",24,0
"615",2018,2,11,"filetype",95,0
"616",2018,2,11,"filter_only",7226,8
"617",2018,2,11,"full_text",26152052,956
"618",2018,2,11,"full_text_querystring",1171925,51
"619",2018,2,11,"full_text_simple_match",24972901,897
"620",2018,2,11,"hastemplate",663,0
"621",2018,2,11,"incategory",5974,0
"622",2018,2,11,"insource",1875,8
"623",2018,2,11,"intitle",11568,0
"624",2018,2,11,"linksto",136,0
"625",2018,2,11,"phrase_match_prefix",133,0
"626",2018,2,11,"prefix",15297,7
"627",2018,2,11,"query_string",107884,51
"628",2018,2,12,"filemime",9,0
"629",2018,2,12,"filetype",4,0
"630",2018,2,12,"filter_only",8493,16
"631",2018,2,12,"full_text",29581766,868
"632",2018,2,12,"full_text_querystring",1280970,56
"633",2018,2,12,"full_text_simple_match",28292303,796
"634",2018,2,12,"hastemplate",720,0
"635",2018,2,12,"incategory",8622,0
"636",2018,2,12,"insource",2405,16
"637",2018,2,12,"intitle",12442,0
"638",2018,2,12,"linksto",22,0
"639",2018,2,12,"local",6,0
"640",2018,2,12,"nearcoord",3,0
"641",2018,2,12,"phrase_match_prefix",53,0
"642",2018,2,12,"prefer-recent",35,0
"643",2018,2,12,"prefix",19668,0
"644",2018,2,12,"query_string",114521,32
"645",2018,2,13,"filemime",37,0
"646",2018,2,13,"filetype",38,0
"647",2018,2,13,"filter_only",8450,32
"648",2018,2,13,"full_text",29680508,1168
"649",2018,2,13,"full_text_querystring",1530867,66
"650",2018,2,13,"full_text_simple_match",28141191,1070
"651",2018,2,13,"hastemplate",1345,0
"652",2018,2,13,"incategory",7253,0
"653",2018,2,13,"insource",2878,32
"654",2018,2,13,"intitle",13928,1
"655",2018,2,13,"linksto",115,0
"656",2018,2,13,"local",125,0
"657",2018,2,13,"nearcoord",3,0
"658",2018,2,13,"phrase_match_prefix",36,0
"659",2018,2,13,"prefer-recent",24,0
"660",2018,2,13,"prefix",21069,8
"661",2018,2,13,"query_string",109927,66
"662",2018,2,14,"filemime",27,0
"663",2018,2,14,"filesize",19,0
"664",2018,2,14,"filetype",195,0
"665",2018,2,14,"filter_only",6536,67
"666",2018,2,14,"full_text",28190554,1233
"667",2018,2,14,"full_text_querystring",1311783,99
"668",2018,2,14,"full_text_simple_match",26872235,1067
"669",2018,2,14,"hastemplate",528,0
"670",2018,2,14,"incategory",5544,0
"671",2018,2,14,"inlanguage",21,0
"672",2018,2,14,"insource",2058,35
"673",2018,2,14,"intitle",13365,0
"674",2018,2,14,"linksto",128,0
"675",2018,2,14,"local",11,0
"676",2018,2,14,"phrase_match_prefix",52,0
"677",2018,2,14,"prefer-recent",34,0
"678",2018,2,14,"prefix",17808,152
"679",2018,2,14,"query_string",108516,98
"680",2018,2,14,"subpageof",32,24
"681",2018,2,15,"filemime",1,0
"682",2018,2,15,"filetype",29,16
"683",2018,2,15,"filter_only",6362,160
"684",2018,2,15,"full_text",28564664,1264
"685",2018,2,15,"full_text_querystring",1263884,172
"686",2018,2,15,"full_text_simple_match",27294418,932
"687",2018,2,15,"hastemplate",207,24
"688",2018,2,15,"incategory",7870,0
"689",2018,2,15,"inlanguage",3,0
"690",2018,2,15,"insource",2286,0
"691",2018,2,15,"intitle",12494,64
"692",2018,2,15,"linksto",51,0
"693",2018,2,15,"nearcoord",3,0
"694",2018,2,15,"phrase_match_prefix",10,0
"695",2018,2,15,"prefer-recent",18,0
"696",2018,2,15,"prefix",21090,24
"697",2018,2,15,"query_string",112092,101
"698",2018,2,15,"subpageof",250,184
"699",2018,2,16,"filemime",7,7
"700",2018,2,16,"filetype",8,0
"701",2018,2,16,"filter_only",7471,80
"702",2018,2,16,"full_text",26425868,828
"703",2018,2,16,"full_text_querystring",1257548,100
"704",2018,2,16,"full_text_simple_match",25160849,648
"705",2018,2,16,"hastemplate",704,16
"706",2018,2,16,"incategory",6871,0
"707",2018,2,16,"inlanguage",1,0
"708",2018,2,16,"insource",1501,0
"709",2018,2,16,"intitle",13751,16
"710",2018,2,16,"linksto",323,0
"711",2018,2,16,"nearcoord",4,0
"712",2018,2,16,"phrase_match_prefix",7,0
"713",2018,2,16,"prefer-recent",18,0
"714",2018,2,16,"prefix",17747,0
"715",2018,2,16,"query_string",105954,92
"716",2018,2,16,"subpageof",224,64
"717",2018,2,17,"boost-templates",40,0
"718",2018,2,17,"filemime",23,0
"719",2018,2,17,"fileres",39,0
"720",2018,2,17,"filetype",39,0
"721",2018,2,17,"filter_only",66259,32
"722",2018,2,17,"full_text",23529846,1218
"723",2018,2,17,"full_text_querystring",1117739,274
"724",2018,2,17,"full_text_simple_match",22345848,912
"725",2018,2,17,"hastemplate",60886,0
"726",2018,2,17,"incategory",6858,0
"727",2018,2,17,"insource",1068,32
"728",2018,2,17,"intitle",11963,0
"729",2018,2,17,"linksto",71,0
"730",2018,2,17,"phrase_match_prefix",32,0
"731",2018,2,17,"prefix",13071,0
"732",2018,2,17,"query_string",95336,264
"733",2018,2,18,"filemime",25,0
"734",2018,2,18,"filesize",1,0
"735",2018,2,18,"filetype",8,0
"736",2018,2,18,"filter_only",105569,21
"737",2018,2,18,"full_text",26885918,1380
"738",2018,2,18,"full_text_querystring",1151278,116
"739",2018,2,18,"full_text_simple_match",25629071,1243
"740",2018,2,18,"hastemplate",99574,0
"741",2018,2,18,"incategory",10841,0
"742",2018,2,18,"insource",1196,5
"743",2018,2,18,"intitle",11697,53
"744",2018,2,18,"linksto",2,0
"745",2018,2,18,"nearcoord",3,0
"746",2018,2,18,"phrase_match_prefix",95,0
"747",2018,2,18,"prefix",15257,24
"748",2018,2,18,"query_string",107300,80
"749",2018,2,19,"filetype",85,0
"750",2018,2,19,"filew",15,0
"751",2018,2,19,"filter_only",7779,65
"752",2018,2,19,"full_text",31331655,1048
"753",2018,2,19,"full_text_querystring",1344847,69
"754",2018,2,19,"full_text_simple_match",29979029,914
"755",2018,2,19,"hastemplate",936,9
"756",2018,2,19,"incategory",8359,16
"757",2018,2,19,"inlanguage",2,0
"758",2018,2,19,"insource",1766,56
"759",2018,2,19,"intitle",13162,0
"760",2018,2,19,"linksto",46,0
"761",2018,2,19,"phrase_match_prefix",65,0
"762",2018,2,19,"prefer-recent",41,0
"763",2018,2,19,"prefix",19137,32
"764",2018,2,19,"query_string",121109,32
"765",2018,2,20,"contentmodel",1,0
"766",2018,2,20,"filetype",57,0
"767",2018,2,20,"filter_only",8229,40
"768",2018,2,20,"full_text",32169513,1296
"769",2018,2,20,"full_text_querystring",1331116,209
"770",2018,2,20,"full_text_simple_match",30830168,1047
"771",2018,2,20,"hastemplate",818,0
"772",2018,2,20,"incategory",7709,0
"773",2018,2,20,"insource",1926,40
"774",2018,2,20,"intitle",13061,8
"775",2018,2,20,"linksto",132,0
"776",2018,2,20,"phrase_match_prefix",194,0
"777",2018,2,20,"prefer-recent",48,0
"778",2018,2,20,"prefix",20968,64
"779",2018,2,20,"query_string",120892,145
"780",2018,2,21,"filemime",3,0
"781",2018,2,21,"filetype",88,0
"782",2018,2,21,"filter_only",7036,16
"783",2018,2,21,"full_text",32115749,733
"784",2018,2,21,"full_text_querystring",1344808,127
"785",2018,2,21,"full_text_simple_match",30763905,590
"786",2018,2,21,"hastemplate",358,8
"787",2018,2,21,"incategory",7908,0
"788",2018,2,21,"inlanguage",24,0
"789",2018,2,21,"insource",1525,8
"790",2018,2,21,"intitle",17631,0
"791",2018,2,21,"linksto",8,0
"792",2018,2,21,"phrase_match_prefix",127,0
"793",2018,2,21,"prefer-recent",48,0
"794",2018,2,21,"prefix",21003,0
"795",2018,2,21,"query_string",122896,81
"796",2018,2,22,"fileres",60,0
"797",2018,2,22,"filetype",63,0
"798",2018,2,22,"filter_only",7093,48
"799",2018,2,22,"full_text",31484969,1137
"800",2018,2,22,"full_text_querystring",1294541,98
"801",2018,2,22,"full_text_simple_match",30183335,991
"802",2018,2,22,"hastemplate",244,8
"803",2018,2,22,"incategory",8087,0
"804",2018,2,22,"inlanguage",1,0
"805",2018,2,22,"insource",2066,56
"806",2018,2,22,"intitle",14511,0
"807",2018,2,22,"linksto",87,0
"808",2018,2,22,"phrase_match_prefix",109,0
"809",2018,2,22,"prefer-recent",60,0
"810",2018,2,22,"prefix",22373,0
"811",2018,2,22,"query_string",112422,41
"812",2018,2,22,"subpageof",6,0
"813",2018,2,23,"contentmodel",2,0
"814",2018,2,23,"filemime",2,0
"815",2018,2,23,"filetype",22,0
"816",2018,2,23,"filter_only",6423,106
"817",2018,2,23,"full_text",27778658,1870
"818",2018,2,23,"full_text_querystring",1275173,457
"819",2018,2,23,"full_text_simple_match",26497062,1307
"820",2018,2,23,"hastemplate",226,0
"821",2018,2,23,"incategory",7379,0
"822",2018,2,23,"insource",1636,74
"823",2018,2,23,"intitle",11199,0
"824",2018,2,23,"linksto",84,0
"825",2018,2,23,"nearcoord",2,0
"826",2018,2,23,"phrase_match_prefix",393,232
"827",2018,2,23,"prefer-recent",53,0
"828",2018,2,23,"prefix",17878,152
"829",2018,2,23,"query_string",115315,385
"830",2018,2,24,"filetype",16,7
"831",2018,2,24,"filter_only",6153,71
"832",2018,2,24,"full_text",24072056,841
"833",2018,2,24,"full_text_querystring",1080432,54
"834",2018,2,24,"full_text_simple_match",22985471,716
"835",2018,2,24,"hastemplate",619,0
"836",2018,2,24,"incategory",9341,0
"837",2018,2,24,"insource",934,64
"838",2018,2,24,"intitle",11580,0
"839",2018,2,24,"linksto",34,0
"840",2018,2,24,"phrase_match_prefix",25,0
"841",2018,2,24,"prefer-recent",40,0
"842",2018,2,24,"prefix",14580,0
"843",2018,2,24,"query_string",96201,40
"844",2018,2,25,"filemime",24,24
"845",2018,2,25,"filetype",12,0
"846",2018,2,25,"filter_only",6928,88
"847",2018,2,25,"full_text",28772706,1001
"848",2018,2,25,"full_text_querystring",1231277,123
"849",2018,2,25,"full_text_simple_match",27534501,790
"850",2018,2,25,"hastemplate",461,0
"851",2018,2,25,"incategory",12631,0
"852",2018,2,25,"inlanguage",1,0
"853",2018,2,25,"insource",1457,88
"854",2018,2,25,"intitle",12487,0
"855",2018,2,25,"linksto",294,0
"856",2018,2,25,"phrase_match_prefix",6,0
"857",2018,2,25,"prefer-recent",77,0
"858",2018,2,25,"prefix",16497,0
"859",2018,2,25,"query_string",117347,123
"860",2018,2,26,"filetype",72,0
"861",2018,2,26,"filter_only",8416,88
"862",2018,2,26,"full_text",32655494,991
"863",2018,2,26,"full_text_querystring",1365498,32
"864",2018,2,26,"full_text_simple_match",31281580,871
"865",2018,2,26,"hastemplate",199,24
"866",2018,2,26,"incategory",8366,0
"867",2018,2,26,"inlanguage",5,0
"868",2018,2,26,"insource",2042,88
"869",2018,2,26,"intitle",13598,0
"870",2018,2,26,"linksto",42,0
"871",2018,2,26,"nearcoord",3,0
"872",2018,2,26,"phrase_match_prefix",38,0
"873",2018,2,26,"prefer-recent",147,0
"874",2018,2,26,"prefix",21504,48
"875",2018,2,26,"query_string",118717,32
"876",2018,2,26,"subpageof",8,8
"877",2018,2,27,"filetype",22,0
"878",2018,2,27,"filter_only",8264,80
"879",2018,2,27,"full_text",32309642,1021
"880",2018,2,27,"full_text_querystring",1303716,124
"881",2018,2,27,"full_text_simple_match",30997662,817
"882",2018,2,27,"hastemplate",269,0
"883",2018,2,27,"incategory",8048,0
"884",2018,2,27,"inlanguage",2,0
"885",2018,2,27,"insource",1478,104
"886",2018,2,27,"intitle",12469,0
"887",2018,2,27,"linksto",18,0
"888",2018,2,27,"phrase_match_prefix",40,0
"889",2018,2,27,"prefer-recent",38,0
"890",2018,2,27,"prefix",20574,0
"891",2018,2,27,"query_string",121997,60
"892",2018,2,28,"filemime",2,0
"893",2018,2,28,"filetype",13,0
"894",2018,2,28,"filter_only",7134,32
"895",2018,2,28,"full_text",31077224,903
"896",2018,2,28,"full_text_querystring",1245352,64
"897",2018,2,28,"full_text_simple_match",29824738,807
"898",2018,2,28,"hastemplate",91,0
"899",2018,2,28,"incategory",6967,0
"900",2018,2,28,"inlanguage",2,0
"901",2018,2,28,"insource",1483,32
"902",2018,2,28,"intitle",11887,0
"903",2018,2,28,"linksto",221,0
"904",2018,2,28,"local",4,0
"905",2018,2,28,"phrase_match_prefix",22,0
"906",2018,2,28,"prefer-recent",38,0
"907",2018,2,28,"prefix",32970,0
"908",2018,2,28,"query_string",119336,56
"909",2018,3,1,"filetype",18,0
"910",2018,3,1,"filter_only",8627,48
"911",2018,3,1,"full_text",30563107,1056
"912",2018,3,1,"full_text_querystring",1208603,158
"913",2018,3,1,"full_text_simple_match",29345877,850
"914",2018,3,1,"hastemplate",66,0
"915",2018,3,1,"incategory",9683,0
"916",2018,3,1,"inlanguage",6,0
"917",2018,3,1,"insource",1265,56
"918",2018,3,1,"intitle",11381,7
"919",2018,3,1,"linksto",387,0
"920",2018,3,1,"local",14,0
"921",2018,3,1,"phrase_match_prefix",59,0
"922",2018,3,1,"prefer-recent",38,0
"923",2018,3,1,"prefix",20010,0
"924",2018,3,1,"query_string",111700,118
"925",2018,3,2,"filemime",5,0
"926",2018,3,2,"filesize",15,0
"927",2018,3,2,"filetype",24212,0
"928",2018,3,2,"filter_only",7175,32
"929",2018,3,2,"full_text",27259904,976
"930",2018,3,2,"full_text_querystring",1221511,76
"931",2018,3,2,"full_text_simple_match",26031218,868
"932",2018,3,2,"hastemplate",221,0
"933",2018,3,2,"incategory",7281,0
"934",2018,3,2,"inlanguage",16,0
"935",2018,3,2,"insource",1481,32
"936",2018,3,2,"intitle",13060,0
"937",2018,3,2,"linksto",43,0
"938",2018,3,2,"phrase_match_prefix",66,0
"939",2018,3,2,"prefer-recent",73,0
"940",2018,3,2,"prefix",18957,16
"941",2018,3,2,"query_string",110088,53
"942",2018,3,3,"filetype",6,0
"943",2018,3,3,"filter_only",7702,56
"944",2018,3,3,"full_text",23681115,1218
"945",2018,3,3,"full_text_querystring",1087470,101
"946",2018,3,3,"full_text_simple_match",22585943,1061
"947",2018,3,3,"hastemplate",356,0
"948",2018,3,3,"incategory",13368,0
"949",2018,3,3,"inlanguage",7,0
"950",2018,3,3,"insource",1106,56
"951",2018,3,3,"intitle",11873,0
"952",2018,3,3,"phrase_match_prefix",171,0
"953",2018,3,3,"prefer-recent",21,0
"954",2018,3,3,"prefix",15004,6
"955",2018,3,3,"query_string",101783,86
"956",2018,3,4,"filetype",6,0
"957",2018,3,4,"filter_only",7846,152
"958",2018,3,4,"full_text",27559102,987
"959",2018,3,4,"full_text_querystring",1122301,48
"960",2018,3,4,"full_text_simple_match",26428955,787
"961",2018,3,4,"hastemplate",46,0
"962",2018,3,4,"incategory",9450,0
"963",2018,3,4,"inlanguage",285,0
"964",2018,3,4,"insource",1420,152
"965",2018,3,4,"intitle",12368,0
"966",2018,3,4,"linksto",36,0
"967",2018,3,4,"local",21,0
"968",2018,3,4,"phrase_match_prefix",405,0
"969",2018,3,4,"prefer-recent",96,0
"970",2018,3,4,"prefix",23106,0
"971",2018,3,4,"query_string",106952,26
"972",2018,3,5,"filemime",1,0
"973",2018,3,5,"fileres",48,0
"974",2018,3,5,"filesize",4,0
"975",2018,3,5,"filetype",62,0
"976",2018,3,5,"filter_only",7318,56
"977",2018,3,5,"full_text",32105942,1078
"978",2018,3,5,"full_text_querystring",1346632,143
"979",2018,3,5,"full_text_simple_match",30751992,879
"980",2018,3,5,"hastemplate",170,0
"981",2018,3,5,"incategory",7418,32
"982",2018,3,5,"inlanguage",14,0
"983",2018,3,5,"insource",1475,24
"984",2018,3,5,"intitle",13908,0
"985",2018,3,5,"linksto",30,0
"986",2018,3,5,"nearcoord",1,0
"987",2018,3,5,"phrase_match_prefix",34,0
"988",2018,3,5,"prefer-recent",13,0
"989",2018,3,5,"prefix",21353,16
"990",2018,3,5,"query_string",124344,103
"991",2018,3,6,"boost-templates",8,0
"992",2018,3,6,"filetype",2,0
"993",2018,3,6,"filter_only",7892,90
"994",2018,3,6,"full_text",32458829,1060
"995",2018,3,6,"full_text_querystring",1314285,51
"996",2018,3,6,"full_text_simple_match",31136652,919
"997",2018,3,6,"hastemplate",296,0
"998",2018,3,6,"incategory",7718,0
"999",2018,3,6,"insource",1456,114
"1000",2018,3,6,"intitle",13640,144
"1001",2018,3,6,"linksto",47,0
"1002",2018,3,6,"local",15,0
"1003",2018,3,6,"phrase_match_prefix",81,0
"1004",2018,3,6,"prefer-recent",39,0
"1005",2018,3,6,"prefix",26916,0
"1006",2018,3,6,"query_string",122970,51
"1007",2018,3,7,"filetype",31,0
"1008",2018,3,7,"filter_only",8171,112
"1009",2018,3,7,"full_text",31633381,1014
"1010",2018,3,7,"full_text_querystring",1284194,63
"1011",2018,3,7,"full_text_simple_match",30341016,839
"1012",2018,3,7,"hastemplate",447,0
"1013",2018,3,7,"incategory",9127,64
"1014",2018,3,7,"inlanguage",3,0
"1015",2018,3,7,"insource",1779,48
"1016",2018,3,7,"intitle",13389,0
"1017",2018,3,7,"linksto",21,0
"1018",2018,3,7,"local",10,0
"1019",2018,3,7,"phrase_match_prefix",247,0
"1020",2018,3,7,"prefer-recent",16,0
"1021",2018,3,7,"prefix",20004,0
"1022",2018,3,7,"query_string",118642,55
"1023",2018,3,8,"filetype",13,0
"1024",2018,3,8,"filter_only",5113,48
"1025",2018,3,8,"full_text",28811348,1280
"1026",2018,3,8,"full_text_querystring",1211127,215
"1027",2018,3,8,"full_text_simple_match",27595108,1017
"1028",2018,3,8,"hastemplate",345,0
"1029",2018,3,8,"incategory",7645,0
"1030",2018,3,8,"inlanguage",8,0
"1031",2018,3,8,"insource",1208,48
"1032",2018,3,8,"intitle",13093,111
"1033",2018,3,8,"linksto",57,0
"1034",2018,3,8,"local",20,0
"1035",2018,3,8,"nearcoord",3,0
"1036",2018,3,8,"phrase_match_prefix",37,0
"1037",2018,3,8,"prefer-recent",24,0
"1038",2018,3,8,"prefix",17489,0
"1039",2018,3,8,"query_string",108087,215
"1040",2018,3,9,"filemime",22,1
"1041",2018,3,9,"filetype",23,0
"1042",2018,3,9,"filter_only",8130,49
"1043",2018,3,9,"full_text",27881847,806
"1044",2018,3,9,"full_text_querystring",1257968,32
"1045",2018,3,9,"full_text_simple_match",26615749,725
"1046",2018,3,9,"hastemplate",532,0
"1047",2018,3,9,"incategory",10632,0
"1048",2018,3,9,"inlanguage",8,0
"1049",2018,3,9,"insource",1710,64
"1050",2018,3,9,"intitle",12090,0
"1051",2018,3,9,"linksto",140,0
"1052",2018,3,9,"local",10,0
"1053",2018,3,9,"phrase_match_prefix",44,0
"1054",2018,3,9,"prefer-recent",88,0
"1055",2018,3,9,"prefix",18374,8
"1056",2018,3,9,"query_string",108023,32
"1057",2018,3,10,"filetype",17,0
"1058",2018,3,10,"filter_only",5732,16
"1059",2018,3,10,"full_text",23641128,1030
"1060",2018,3,10,"full_text_querystring",1071564,24
"1061",2018,3,10,"full_text_simple_match",22563832,990
"1062",2018,3,10,"hastemplate",43,0
"1063",2018,3,10,"incategory",4864,0
"1064",2018,3,10,"inlanguage",4,0
"1065",2018,3,10,"insource",1762,16
"1066",2018,3,10,"intitle",10201,0
"1067",2018,3,10,"linksto",8,0
"1068",2018,3,10,"phrase_match_prefix",36,0
"1069",2018,3,10,"prefer-recent",67,0
"1070",2018,3,10,"prefix",15647,0
"1071",2018,3,10,"query_string",93904,24
"1072",2018,3,10,"subpageof",5,0
"1073",2018,3,11,"filemime",3,0
"1074",2018,3,11,"filetype",54,0
"1075",2018,3,11,"filter_only",7201,136
"1076",2018,3,11,"full_text",27240156,833
"1077",2018,3,11,"full_text_querystring",1132959,77
"1078",2018,3,11,"full_text_simple_match",26099996,620
"1079",2018,3,11,"hastemplate",204,0
"1080",2018,3,11,"incategory",7303,0
"1081",2018,3,11,"inlanguage",7,0
"1082",2018,3,11,"insource",2041,136
"1083",2018,3,11,"intitle",11693,0
"1084",2018,3,11,"linksto",216,0
"1085",2018,3,11,"phrase_match_prefix",98,0
"1086",2018,3,11,"prefer-recent",112,0
"1087",2018,3,11,"prefix",18659,8
"1088",2018,3,11,"query_string",100683,63
"1089",2018,3,11,"subpageof",3,0
"1090",2018,3,12,"boost-templates",40,0
"1091",2018,3,12,"fileh",78,0
"1092",2018,3,12,"filetype",102,0
"1093",2018,3,12,"filew",66,0
"1094",2018,3,12,"filter_only",6534,120
"1095",2018,3,12,"full_text",32048363,1296
"1096",2018,3,12,"full_text_querystring",1297888,109
"1097",2018,3,12,"full_text_simple_match",30743941,1067
"1098",2018,3,12,"hastemplate",115,0
"1099",2018,3,12,"incategory",7765,0
"1100",2018,3,12,"inlanguage",1,0
"1101",2018,3,12,"insource",1343,120
"1102",2018,3,12,"intitle",13867,48
"1103",2018,3,12,"linksto",32,0
"1104",2018,3,12,"phrase_match_prefix",67,0
"1105",2018,3,12,"prefer-recent",57,0
"1106",2018,3,12,"prefix",31134,0
"1107",2018,3,12,"query_string",119864,96
"1108",2018,3,12,"subpageof",49,48
"1109",2018,3,13,"filetype",22,0
"1110",2018,3,13,"filter_only",8972,96
"1111",2018,3,13,"full_text",32568894,1108
"1112",2018,3,13,"full_text_querystring",1327983,44
"1113",2018,3,13,"full_text_simple_match",31231939,968
"1114",2018,3,13,"hastemplate",131,0
"1115",2018,3,13,"incategory",7415,24
"1116",2018,3,13,"inlanguage",3,0
"1117",2018,3,13,"insource",3182,80
"1118",2018,3,13,"intitle",14174,0
"1119",2018,3,13,"linksto",54,0
"1120",2018,3,13,"nearcoord",15,0
"1121",2018,3,13,"phrase_match_prefix",102,0
"1122",2018,3,13,"prefer-recent",14,0
"1123",2018,3,13,"prefix",23623,0
"1124",2018,3,13,"query_string",118785,32
"1125",2018,3,14,"filemime",1,1
"1126",2018,3,14,"filetype",44,0
"1127",2018,3,14,"filter_only",8376,177
"1128",2018,3,14,"full_text",32608437,1086
"1129",2018,3,14,"full_text_querystring",1331325,76
"1130",2018,3,14,"full_text_simple_match",31268736,833
"1131",2018,3,14,"hastemplate",391,40
"1132",2018,3,14,"incategory",6966,48
"1133",2018,3,14,"inlanguage",4,0
"1134",2018,3,14,"insource",2412,144
"1135",2018,3,14,"intitle",11432,0
"1136",2018,3,14,"linksto",40,0
"1137",2018,3,14,"local",5,0
"1138",2018,3,14,"nearcoord",1,0
"1139",2018,3,14,"phrase_match_prefix",175,0
"1140",2018,3,14,"prefer-recent",37,0
"1141",2018,3,14,"prefix",21431,16
"1142",2018,3,14,"query_string",118464,74
"1143",2018,3,15,"filemime",2,0
"1144",2018,3,15,"filetype",6,0
"1145",2018,3,15,"filew",2,0
"1146",2018,3,15,"filter_only",5530,8
"1147",2018,3,15,"full_text",31727767,907
"1148",2018,3,15,"full_text_querystring",1319539,113
"1149",2018,3,15,"full_text_simple_match",30402698,786
"1150",2018,3,15,"hastemplate",215,0
"1151",2018,3,15,"incategory",6613,0
"1152",2018,3,15,"inlanguage",1,0
"1153",2018,3,15,"insource",1037,8
"1154",2018,3,15,"intitle",12351,0
"1155",2018,3,15,"linksto",36,0
"1156",2018,3,15,"local",5,0
"1157",2018,3,15,"neartitle",6,0
"1158",2018,3,15,"phrase_match_prefix",28,0
"1159",2018,3,15,"prefer-recent",82,0
"1160",2018,3,15,"prefix",20466,1
"1161",2018,3,15,"query_string",115266,112
"1162",2018,3,16,"contentmodel",16,0
"1163",2018,3,16,"filetype",50,0
"1164",2018,3,16,"filter_only",7074,8
"1165",2018,3,16,"full_text",28449900,758
"1166",2018,3,16,"full_text_querystring",1322186,24
"1167",2018,3,16,"full_text_simple_match",27120640,726
"1168",2018,3,16,"hastemplate",236,0
"1169",2018,3,16,"incategory",7150,0
"1170",2018,3,16,"inlanguage",5,0
"1171",2018,3,16,"insource",2142,8
"1172",2018,3,16,"intitle",12305,0
"1173",2018,3,16,"linksto",26,0
"1174",2018,3,16,"local",5,0
"1175",2018,3,16,"phrase_match_prefix",389,0
"1176",2018,3,16,"prefer-recent",72,0
"1177",2018,3,16,"prefix",18378,24
"1178",2018,3,16,"query_string",109368,16
"1179",2018,3,16,"subpageof",24,24
"1180",2018,3,17,"contentmodel",16,0
"1181",2018,3,17,"filemime",64,64
"1182",2018,3,17,"filetype",36,24
"1183",2018,3,17,"filew",72,72
"1184",2018,3,17,"filter_only",6735,24
"1185",2018,3,17,"full_text",24037385,987
"1186",2018,3,17,"full_text_querystring",1138701,18
"1187",2018,3,17,"full_text_simple_match",22891949,945
"1188",2018,3,17,"hastemplate",180,16
"1189",2018,3,17,"incategory",7375,0
"1190",2018,3,17,"inlanguage",14,0
"1191",2018,3,17,"insource",1043,16
"1192",2018,3,17,"intitle",10586,16
"1193",2018,3,17,"linksto",222,0
"1194",2018,3,17,"phrase_match_prefix",126,0
"1195",2018,3,17,"prefer-recent",72,0
"1196",2018,3,17,"prefix",14410,0
"1197",2018,3,17,"query_string",100852,18
"1198",2018,3,17,"subpageof",8,8
"1199",2018,3,18,"fileh",342,0
"1200",2018,3,18,"filemime",292,40
"1201",2018,3,18,"filetype",21,8
"1202",2018,3,18,"filew",374,32
"1203",2018,3,18,"filter_only",6515,128
"1204",2018,3,18,"full_text",27031521,722
"1205",2018,3,18,"full_text_querystring",1155172,42
"1206",2018,3,18,"full_text_simple_match",25869834,552
"1207",2018,3,18,"hastemplate",309,40
"1208",2018,3,18,"incategory",6371,0
"1209",2018,3,18,"inlanguage",8,0
"1210",2018,3,18,"insource",1320,122
"1211",2018,3,18,"intitle",12267,24
"1212",2018,3,18,"linksto",208,48
"1213",2018,3,18,"phrase_match_prefix",20,0
"1214",2018,3,18,"prefer-recent",6,0
"1215",2018,3,18,"prefix",15972,0
"1216",2018,3,18,"query_string",105477,42
"1217",2018,3,19,"filemime",32,32
"1218",2018,3,19,"filetype",8,0
"1219",2018,3,19,"filter_only",6450,48
"1220",2018,3,19,"full_text",31163447,588
"1221",2018,3,19,"full_text_querystring",1312785,30
"1222",2018,3,19,"full_text_simple_match",29844212,510
"1223",2018,3,19,"hastemplate",69,0
"1224",2018,3,19,"incategory",7378,0
"1225",2018,3,19,"inlanguage",3,0
"1226",2018,3,19,"insource",1053,16
"1227",2018,3,19,"intitle",14069,0
"1228",2018,3,19,"linksto",179,0
"1229",2018,3,19,"phrase_match_prefix",105,0
"1230",2018,3,19,"prefer-recent",8,0
"1231",2018,3,19,"prefix",22167,0
"1232",2018,3,19,"query_string",119383,25
"1233",2018,3,19,"subpageof",21,0
"1234",2018,3,20,"filemime",52,0
"1235",2018,3,20,"filetype",18,0
"1236",2018,3,20,"filter_only",9413,32
"1237",2018,3,20,"full_text",31768958,912
"1238",2018,3,20,"full_text_querystring",1414648,63
"1239",2018,3,20,"full_text_simple_match",30344897,817
"1240",2018,3,20,"hastemplate",72,0
"1241",2018,3,20,"incategory",8878,0
"1242",2018,3,20,"inlanguage",105,0
"1243",2018,3,20,"insource",1409,32
"1244",2018,3,20,"intitle",15098,14
"1245",2018,3,20,"linksto",44,0
"1246",2018,3,20,"local",5,0
"1247",2018,3,20,"phrase_match_prefix",17,0
"1248",2018,3,20,"prefer-recent",48,0
"1249",2018,3,20,"prefix",26442,0
"1250",2018,3,20,"query_string",117833,55
"1251",2018,3,21,"contentmodel",48,0
"1252",2018,3,21,"degraded_full_text",2,0
"1253",2018,3,21,"filemime",112,112
"1254",2018,3,21,"filetype",9,8
"1255",2018,3,21,"filter_only",7850,23
"1256",2018,3,21,"full_text",31448779,1037
"1257",2018,3,21,"full_text_querystring",1297298,194
"1258",2018,3,21,"full_text_simple_match",30143631,820
"1259",2018,3,21,"hastemplate",251,72
"1260",2018,3,21,"incategory",5169,0
"1261",2018,3,21,"inlanguage",64,0
"1262",2018,3,21,"insource",3129,16
"1263",2018,3,21,"intitle",15450,48
"1264",2018,3,21,"linksto",15,0
"1265",2018,3,21,"local",7,0
"1266",2018,3,21,"phrase_match_prefix",85,0
"1267",2018,3,21,"prefer-recent",38,0
"1268",2018,3,21,"prefix",20951,14
"1269",2018,3,21,"query_string",117002,186
"1270",2018,3,21,"subpageof",96,48
"1271",2018,3,22,"contentmodel",56,0
"1272",2018,3,22,"filemime",1,0
"1273",2018,3,22,"fileres",1,0
"1274",2018,3,22,"filetype",1,0
"1275",2018,3,22,"filter_only",9683,80
"1276",2018,3,22,"full_text",30641320,975
"1277",2018,3,22,"full_text_querystring",1336916,103
"1278",2018,3,22,"full_text_simple_match",29294721,792
"1279",2018,3,22,"hastemplate",232,0
"1280",2018,3,22,"incategory",10373,0
"1281",2018,3,22,"inlanguage",50,0
"1282",2018,3,22,"insource",2833,40
"1283",2018,3,22,"intitle",12833,0
"1284",2018,3,22,"linksto",4,0
"1285",2018,3,22,"local",7,0
"1286",2018,3,22,"phrase_match_prefix",92,0
"1287",2018,3,22,"prefer-recent",93,0
"1288",2018,3,22,"prefix",21120,16
"1289",2018,3,22,"query_string",116685,87
"1290",2018,3,22,"subpageof",32,32
"1291",2018,3,23,"contentmodel",34,0
"1292",2018,3,23,"fileh",43,0
"1293",2018,3,23,"filemime",3,0
"1294",2018,3,23,"filetype",12,0
"1295",2018,3,23,"filew",43,0
"1296",2018,3,23,"filter_only",7475,59
"1297",2018,3,23,"full_text",26514404,891
"1298",2018,3,23,"full_text_querystring",1233719,55
"1299",2018,3,23,"full_text_simple_match",25273210,777
"1300",2018,3,23,"hastemplate",147,0
"1301",2018,3,23,"incategory",6585,0
"1302",2018,3,23,"inlanguage",49,5
"1303",2018,3,23,"insource",2235,40
"1304",2018,3,23,"intitle",12273,0
"1305",2018,3,23,"linksto",33,16
"1306",2018,3,23,"local",2,2
"1307",2018,3,23,"nearcoord",3,0
"1308",2018,3,23,"phrase_match_prefix",71,0
"1309",2018,3,23,"prefer-recent",3,0
"1310",2018,3,23,"prefix",18547,16
"1311",2018,3,23,"query_string",110792,24
"1312",2018,3,24,"filetype",9,0
"1313",2018,3,24,"filter_only",6886,264
"1314",2018,3,24,"full_text",23100827,905
"1315",2018,3,24,"full_text_querystring",1076343,39
"1316",2018,3,24,"full_text_simple_match",22017598,602
"1317",2018,3,24,"hastemplate",84,0
"1318",2018,3,24,"incategory",4627,0
"1319",2018,3,24,"inlanguage",64,0
"1320",2018,3,24,"insource",2857,264
"1321",2018,3,24,"intitle",10467,14
"1322",2018,3,24,"linksto",30,0
"1323",2018,3,24,"phrase_match_prefix",42,0
"1324",2018,3,24,"prefer-recent",14,0
"1325",2018,3,24,"prefix",13901,0
"1326",2018,3,24,"query_string",96986,32
"1327",2018,3,25,"filemime",3,0
"1328",2018,3,25,"filetype",5,0
"1329",2018,3,25,"filter_only",12165,480
"1330",2018,3,25,"full_text",24674340,1747
"1331",2018,3,25,"full_text_querystring",1102592,47
"1332",2018,3,25,"full_text_simple_match",23559583,1220
"1333",2018,3,25,"hastemplate",175,24
"1334",2018,3,25,"incategory",11549,0
"1335",2018,3,25,"inlanguage",46,0
"1336",2018,3,25,"insource",1967,504
"1337",2018,3,25,"intitle",12211,8
"1338",2018,3,25,"linksto",32,0
"1339",2018,3,25,"phrase_match_prefix",46,0
"1340",2018,3,25,"prefer-recent",92,0
"1341",2018,3,25,"prefix",15950,0
"1342",2018,3,25,"query_string",100702,47
"1343",2018,3,26,"contentmodel",13,0
"1344",2018,3,26,"filemime",54,0
"1345",2018,3,26,"filetype",8,0
"1346",2018,3,26,"filter_only",10639,72
"1347",2018,3,26,"full_text",28618547,1121
"1348",2018,3,26,"full_text_querystring",1281872,73
"1349",2018,3,26,"full_text_simple_match",27326036,976
"1350",2018,3,26,"hastemplate",572,0
"1351",2018,3,26,"incategory",8899,0
"1352",2018,3,26,"inlanguage",41,0
"1353",2018,3,26,"insource",3056,72
"1354",2018,3,26,"intitle",12033,0
"1355",2018,3,26,"linksto",280,0
"1356",2018,3,26,"phrase_match_prefix",32,0
"1357",2018,3,26,"prefer-recent",112,0
"1358",2018,3,26,"prefix",20910,152
"1359",2018,3,26,"query_string",112057,32
"1360",2018,3,27,"boost-templates",8,0
"1361",2018,3,27,"filemime",2,0
"1362",2018,3,27,"filetype",315,0
"1363",2018,3,27,"filter_only",10086,8
"1364",2018,3,27,"full_text",27945056,1237
"1365",2018,3,27,"full_text_querystring",1292664,58
"1366",2018,3,27,"full_text_simple_match",26642306,1171
"1367",2018,3,27,"hastemplate",416,0
"1368",2018,3,27,"incategory",8314,0
"1369",2018,3,27,"inlanguage",43,0
"1370",2018,3,27,"insource",2777,8
"1371",2018,3,27,"intitle",13977,0
"1372",2018,3,27,"linksto",172,0
"1373",2018,3,27,"phrase_match_prefix",51,0
"1374",2018,3,27,"prefer-recent",101,0
"1375",2018,3,27,"prefix",20654,48
"1376",2018,3,27,"query_string",115019,42
"1377",2018,3,28,"boost-templates",8,0
"1378",2018,3,28,"contentmodel",44,0
"1379",2018,3,28,"entity_full_text",339,0
"1380",2018,3,28,"fileh",64,64
"1381",2018,3,28,"filemime",46,24
"1382",2018,3,28,"filetype",439,144
"1383",2018,3,28,"filew",72,72
"1384",2018,3,28,"filter_only",6057,296
"1385",2018,3,28,"full_text",26636230,1912
"1386",2018,3,28,"full_text_querystring",1253543,31
"1387",2018,3,28,"full_text_simple_match",25376630,1585
"1388",2018,3,28,"hastemplate",210,104
"1389",2018,3,28,"incategory",5312,0
"1390",2018,3,28,"inlanguage",44,0
"1391",2018,3,28,"insource",2019,48
"1392",2018,3,28,"intitle",12650,0
"1393",2018,3,28,"linksto",83,0
"1394",2018,3,28,"phrase_match_prefix",81,0
"1395",2018,3,28,"prefer-recent",121,0
"1396",2018,3,28,"prefix",18699,0
"1397",2018,3,28,"query_string",110394,30
"1398",2018,3,29,"contentmodel",19,0
"1399",2018,3,29,"entity_full_text",1,0
"1400",2018,3,29,"filemime",1,0
"1401",2018,3,29,"filesize",10,0
"1402",2018,3,29,"filetype",413,0
"1403",2018,3,29,"filter_only",8155,0
"1404",2018,3,29,"full_text",24510133,1101
"1405",2018,3,29,"full_text_querystring",1231351,25
"1406",2018,3,29,"full_text_simple_match",23270627,1076
"1407",2018,3,29,"hastemplate",355,0
"1408",2018,3,29,"incategory",7822,8
"1409",2018,3,29,"inlanguage",56,0
"1410",2018,3,29,"insource",3083,0
"1411",2018,3,29,"intitle",11653,0
"1412",2018,3,29,"linksto",102,0
"1413",2018,3,29,"phrase_match_prefix",263,0
"1414",2018,3,29,"prefer-recent",86,0
"1415",2018,3,29,"prefix",18675,7
"1416",2018,3,29,"query_string",110479,25
"1417",2018,3,29,"subpageof",5,0
"1418",2018,3,30,"contentmodel",1,0
"1419",2018,3,30,"entity_full_text",9,0
"1420",2018,3,30,"filemime",1,0
"1421",2018,3,30,"filetype",144,0
"1422",2018,3,30,"filter_only",7992,16
"1423",2018,3,30,"full_text",23058109,1010
"1424",2018,3,30,"full_text_querystring",1197153,141
"1425",2018,3,30,"full_text_simple_match",21852964,853
"1426",2018,3,30,"hastemplate",184,0
"1427",2018,3,30,"incategory",7232,0
"1428",2018,3,30,"inlanguage",129,0
"1429",2018,3,30,"insource",1218,25
"1430",2018,3,30,"intitle",13716,0
"1431",2018,3,30,"linksto",142,0
"1432",2018,3,30,"local",16,0
"1433",2018,3,30,"phrase_match_prefix",954,0
"1434",2018,3,30,"prefer-recent",18,0
"1435",2018,3,30,"prefix",18235,0
"1436",2018,3,30,"query_string",99603,85
"1437",2018,3,30,"subpageof",76,0
"1438",2018,3,31,"entity_full_text",2,0
"1439",2018,3,31,"filetype",229,0
"1440",2018,3,31,"filter_only",6054,8
"1441",2018,3,31,"full_text",21950086,936
"1442",2018,3,31,"full_text_querystring",1095696,67
"1443",2018,3,31,"full_text_simple_match",20848336,861
"1444",2018,3,31,"hastemplate",79,0
"1445",2018,3,31,"incategory",4988,0
"1446",2018,3,31,"inlanguage",50,0
"1447",2018,3,31,"insource",2079,8
"1448",2018,3,31,"intitle",10926,0
"1449",2018,3,31,"linksto",95,0
"1450",2018,3,31,"local",7,0
"1451",2018,3,31,"phrase_match_prefix",231,0
"1452",2018,3,31,"prefer-recent",67,0
"1453",2018,3,31,"prefix",13317,2
"1454",2018,3,31,"query_string",92656,59
"1455",2018,4,1,"entity_full_text",5,0
"1456",2018,4,1,"filemime",9,0
"1457",2018,4,1,"filetype",78,0
"1458",2018,4,1,"filter_only",6188,16
"1459",2018,4,1,"full_text",23717651,1194
"1460",2018,4,1,"full_text_querystring",1154474,110
"1461",2018,4,1,"full_text_simple_match",22556989,1068
"1462",2018,4,1,"hastemplate",54,0
"1463",2018,4,1,"incategory",5798,0
"1464",2018,4,1,"inlanguage",71,0
"1465",2018,4,1,"insource",1568,25
"1466",2018,4,1,"intitle",11497,9
"1467",2018,4,1,"linksto",72,0
"1468",2018,4,1,"local",2,0
"1469",2018,4,1,"phrase_match_prefix",291,0
"1470",2018,4,1,"prefer-recent",41,0
"1471",2018,4,1,"prefix",15709,32
"1472",2018,4,1,"query_string",93305,110
"1473",2018,4,2,"entity_full_text",1263,0
"1474",2018,4,2,"filemime",14,0
"1475",2018,4,2,"filetype",51,0
"1476",2018,4,2,"filter_only",6941,15
"1477",2018,4,2,"full_text",27395596,1091
"1478",2018,4,2,"full_text_querystring",1239039,38
"1479",2018,4,2,"full_text_simple_match",26149616,1038
"1480",2018,4,2,"hastemplate",230,0
"1481",2018,4,2,"incategory",6612,0
"1482",2018,4,2,"inlanguage",63,0
"1483",2018,4,2,"insource",1357,15
"1484",2018,4,2,"intitle",13558,0
"1485",2018,4,2,"linksto",247,0
"1486",2018,4,2,"neartitle",63,0
"1487",2018,4,2,"phrase_match_prefix",107,0
"1488",2018,4,2,"prefer-recent",64,0
"1489",2018,4,2,"prefix",15700,0
"1490",2018,4,2,"query_string",100579,15
"1491",2018,4,2,"subpageof",7,0
"1492",2018,4,3,"contentmodel",24,0
"1493",2018,4,3,"entity_full_text",7116,0
"1494",2018,4,3,"fileh",8,8
"1495",2018,4,3,"filemime",9,8
"1496",2018,4,3,"filetype",97,64
"1497",2018,4,3,"filew",80,72
"1498",2018,4,3,"filter_only",8381,8
"1499",2018,4,3,"full_text",29285621,1307
"1500",2018,4,3,"full_text_querystring",1294062,72
"1501",2018,4,3,"full_text_simple_match",27983178,1227
"1502",2018,4,3,"hastemplate",632,80
"1503",2018,4,3,"incategory",6034,0
"1504",2018,4,3,"inlanguage",28,0
"1505",2018,4,3,"insource",3832,8
"1506",2018,4,3,"intitle",16845,24
"1507",2018,4,3,"linksto",36,0
"1508",2018,4,3,"phrase_match_prefix",142,0
"1509",2018,4,3,"prefer-recent",153,0
"1510",2018,4,3,"prefix",18693,0
"1511",2018,4,3,"query_string",111934,72
"1512",2018,4,3,"subpageof",110,48
"1513",2018,4,4,"boost-nearcoord",2,0
"1514",2018,4,4,"contentmodel",19,0
"1515",2018,4,4,"entity_full_text",7102,0
"1516",2018,4,4,"fileh",24,24
"1517",2018,4,4,"filemime",68,32
"1518",2018,4,4,"filetype",259,216
"1519",2018,4,4,"filew",161,96
"1520",2018,4,4,"filter_only",8469,216
"1521",2018,4,4,"full_text",28971079,1800
"1522",2018,4,4,"full_text_querystring",1293013,158
"1523",2018,4,4,"full_text_simple_match",27669597,1426
"1524",2018,4,4,"hastemplate",341,0
"1525",2018,4,4,"incategory",6027,0
"1526",2018,4,4,"inlanguage",23,0
"1527",2018,4,4,"insource",2852,40
"1528",2018,4,4,"intitle",15034,25
"1529",2018,4,4,"linksto",75,0
"1530",2018,4,4,"nearcoord",44,0
"1531",2018,4,4,"phrase_match_prefix",87,0
"1532",2018,4,4,"prefer-recent",114,40
"1533",2018,4,4,"prefix",19758,0
"1534",2018,4,4,"query_string",112417,124
"1535",2018,4,5,"contentmodel",86,0
"1536",2018,4,5,"entity_full_text",7462,0
"1537",2018,4,5,"filetype",227,0
"1538",2018,4,5,"filew",5,0
"1539",2018,4,5,"filter_only",6575,8
"1540",2018,4,5,"full_text",26982495,1163
"1541",2018,4,5,"full_text_querystring",1227481,41
"1542",2018,4,5,"full_text_simple_match",25748439,1114
"1543",2018,4,5,"hastemplate",379,0
"1544",2018,4,5,"incategory",6550,0
"1545",2018,4,5,"inlanguage",36,0
"1546",2018,4,5,"insource",1022,8
"1547",2018,4,5,"intitle",13036,16
"1548",2018,4,5,"linksto",62,0
"1549",2018,4,5,"nearcoord",56,0
"1550",2018,4,5,"phrase_match_prefix",33,0
"1551",2018,4,5,"prefer-recent",51,0
"1552",2018,4,5,"prefix",17928,24
"1553",2018,4,5,"query_string",100852,32
"1554",2018,4,6,"full_text_simple_match",25025337,942
"1555",2018,4,6,"full_text",26362827,1234
"1556",2018,4,6,"entity_full_text",7345,NA
"1557",2018,4,6,"hastemplate",130,NA
"1558",2018,4,6,"linksto",104,NA
"1559",2018,4,6,"prefer-recent",45,NA
"1560",2018,4,6,"filemime",1,NA
"1561",2018,4,6,"incategory",6395,NA
"1562",2018,4,6,"filter_only",6445,116
"1563",2018,4,6,"boost-templates",8,NA
"1564",2018,4,6,"insource",1675,35
"1565",2018,4,6,"intitle",13071,7
"1566",2018,4,6,"nearcoord",4,NA
"1567",2018,4,6,"filetype",111,NA
"1568",2018,4,6,"filew",20,NA
"1569",2018,4,6,"query_string",108770,159
"1570",2018,4,6,"phrase_match_prefix",78,NA
"1571",2018,4,6,"prefix",17002,130
"1572",2018,4,6,"contentmodel",28,NA
"1573",2018,4,6,"inlanguage",38,NA
"1574",2018,4,6,"full_text_querystring",1331045,176
"1575",2018,4,7,"full_text_simple_match",21472022,778
"1576",2018,4,7,"hastemplate",125,NA
"1577",2018,4,7,"intitle",10635,14
"1578",2018,4,7,"query_string",92648,82
"1579",2018,4,7,"inlanguage",33,NA
"1580",2018,4,7,"incategory",5322,NA
"1581",2018,4,7,"phrase_match_prefix",154,NA
"1582",2018,4,7,"prefer-recent",24,NA
"1583",2018,4,7,"filetype",110,NA
"1584",2018,4,7,"filter_only",6012,32
"1585",2018,4,7,"insource",1756,37
"1586",2018,4,7,"linksto",119,NA
"1587",2018,4,7,"prefix",16085,58
"1588",2018,4,7,"entity_full_text",5174,NA
"1589",2018,4,7,"full_text_querystring",1188140,115
"1590",2018,4,7,"full_text",22666174,925
"1591",2018,4,8,"entity_full_text",5367,NA
"1592",2018,4,8,"inlanguage",41,2
"1593",2018,4,8,"filew",25,NA
"1594",2018,4,8,"contentmodel",2,NA
"1595",2018,4,8,"prefer-recent",101,NA
"1596",2018,4,8,"full_text_querystring",1257034,16
"1597",2018,4,8,"intitle",11863,NA
"1598",2018,4,8,"prefix",16938,NA
"1599",2018,4,8,"filemime",3,2
"1600",2018,4,8,"incategory",6925,NA
"1601",2018,4,8,"hastemplate",127,NA
"1602",2018,4,8,"phrase_match_prefix",595,NA
"1603",2018,4,8,"filewidth",1,NA
"1604",2018,4,8,"full_text",25937473,934
"1605",2018,4,8,"fileheight",1,NA
"1606",2018,4,8,"filter_only",7132,32
"1607",2018,4,8,"insource",2205,47
"1608",2018,4,8,"linksto",146,NA
"1609",2018,4,8,"filetype",47,NA
"1610",2018,4,8,"full_text_simple_match",24673307,886
"1611",2018,4,8,"query_string",101602,7
"1612",2018,4,9,"entity_full_text",7144,NA
"1613",2018,4,9,"prefer-recent",21,NA
"1614",2018,4,9,"fileres",18,NA
"1615",2018,4,9,"full_text_querystring",1454639,131
"1616",2018,4,9,"hastemplate",311,NA
"1617",2018,4,9,"filew",5,NA
"1618",2018,4,9,"intitle",16581,9
"1619",2018,4,9,"insource",1719,25
"1620",2018,4,9,"incategory",6579,NA
"1621",2018,4,9,"full_text_simple_match",29505467,1201
"1622",2018,4,9,"contentmodel",2,NA
"1623",2018,4,9,"inlanguage",35,NA
"1624",2018,4,9,"filter_only",6722,25
"1625",2018,4,9,"neartitle",1,NA
"1626",2018,4,9,"phrase_match_prefix",229,NA
"1627",2018,4,9,"nearcoord",25,NA
"1628",2018,4,9,"linksto",102,NA
"1629",2018,4,9,"full_text",30966828,1357
"1630",2018,4,9,"filetype",98,NA
"1631",2018,4,9,"query_string",117005,130
"1632",2018,4,9,"prefix",20289,NA
"1633",2018,4,9,"filemime",36,NA
"1634",2018,4,10,"full_text_simple_match",28340519,826
"1635",2018,4,10,"filter_only",6142,27
"1636",2018,4,10,"intitle",15010,NA
"1637",2018,4,10,"prefix",19822,10
"1638",2018,4,10,"filesize",17,NA
"1639",2018,4,10,"entity_full_text",7175,NA
"1640",2018,4,10,"prefer-recent",65,NA
"1641",2018,4,10,"query_string",108036,42
"1642",2018,4,10,"filetype",59,NA
"1643",2018,4,10,"incategory",5958,NA
"1644",2018,4,10,"filemime",49,17
"1645",2018,4,10,"inlanguage",57,NA
"1646",2018,4,10,"linksto",75,NA
"1647",2018,4,10,"fileh",30,5
"1648",2018,4,10,"insource",1470,10
"1649",2018,4,10,"fileres",30,NA
"1650",2018,4,10,"filew",37,17
"1651",2018,4,10,"full_text",29709062,932
"1652",2018,4,10,"phrase_match_prefix",86,NA
"1653",2018,4,10,"hastemplate",174,NA
"1654",2018,4,10,"contentmodel",180,NA
"1655",2018,4,10,"full_text_querystring",1362401,79
"1656",2018,4,11,"inlanguage",48,NA
"1657",2018,4,11,"filter_only",6577,NA
"1658",2018,4,11,"entity_full_text",8545,NA
"1659",2018,4,11,"hastemplate",229,NA
"1660",2018,4,11,"linksto",93,NA
"1661",2018,4,11,"full_text",31418564,1327
"1662",2018,4,11,"incategory",6351,NA
"1663",2018,4,11,"filew",15,5
"1664",2018,4,11,"phrase_match_prefix",409,NA
"1665",2018,4,11,"full_text_simple_match",29959344,1184
"1666",2018,4,11,"prefix",23271,8
"1667",2018,4,11,"full_text_querystring",1452643,143
"1668",2018,4,11,"prefer-recent",116,NA
"1669",2018,4,11,"query_string",120684,69
"1670",2018,4,11,"insource",1673,NA
"1671",2018,4,11,"contentmodel",91,NA
"1672",2018,4,11,"intitle",15247,5
"1673",2018,4,11,"filetype",53,NA
"1674",2018,4,12,"linksto",179,NA
"1675",2018,4,12,"prefer-recent",88,NA
"1676",2018,4,12,"filemime",1,NA
"1677",2018,4,12,"incategory",12516,NA
"1678",2018,4,12,"filter_only",12945,9
"1679",2018,4,12,"insource",2045,9
"1680",2018,4,12,"intitle",16235,8
"1681",2018,4,12,"fileh",3,NA
"1682",2018,4,12,"filetype",97,NA
"1683",2018,4,12,"filewidth",1,NA
"1684",2018,4,12,"filew",3,NA
"1685",2018,4,12,"filebits",2,NA
"1686",2018,4,12,"filesize",3,NA
"1687",2018,4,12,"query_string",122857,108
"1688",2018,4,12,"phrase_match_prefix",183,NA
"1689",2018,4,12,"prefix",20345,24
"1690",2018,4,12,"contentmodel",40,NA
"1691",2018,4,12,"inlanguage",72,NA
"1692",2018,4,12,"full_text_querystring",1402921,109
"1693",2018,4,12,"fileheight",1,NA
"1694",2018,4,12,"full_text_simple_match",29338234,1381
"1695",2018,4,12,"full_text",30754100,1499
"1696",2018,4,12,"entity_full_text",7067,NA
"1697",2018,4,12,"hastemplate",1683,NA
"1698",2018,4,13,"filetype",268,NA
"1699",2018,4,13,"prefer-recent",90,NA
"1700",2018,4,13,"full_text",27921587,1145
"1701",2018,4,13,"linksto",20,NA
"1702",2018,4,13,"phrase_match_prefix",181,NA
"1703",2018,4,13,"filter_only",6645,8
"1704",2018,4,13,"hastemplate",717,NA
"1705",2018,4,13,"full_text_simple_match",26523539,978
"1706",2018,4,13,"incategory",6205,NA
"1707",2018,4,13,"contentmodel",8,NA
"1708",2018,4,13,"intitle",14306,120
"1709",2018,4,13,"query_string",106484,142
"1710",2018,4,13,"full_text_querystring",1391403,159
"1711",2018,4,13,"filesize",13,NA
"1712",2018,4,13,"inlanguage",70,NA
"1713",2018,4,13,"insource",1594,NA
"1714",2018,4,13,"entity_full_text",7583,NA
"1715",2018,4,13,"prefix",17384,16
"1716",2018,4,14,"full_text_querystring",1235902,90
"1717",2018,4,14,"incategory",7653,NA
"1718",2018,4,14,"query_string",92320,82
"1719",2018,4,14,"inlanguage",23,NA
"1720",2018,4,14,"insource",2065,NA
"1721",2018,4,14,"prefix",14821,88
"1722",2018,4,14,"boost-templates",16,NA
"1723",2018,4,14,"full_text_simple_match",22447228,1095
"1724",2018,4,14,"intitle",11743,NA
"1725",2018,4,14,"hastemplate",382,NA
"1726",2018,4,14,"entity_full_text",4874,NA
"1727",2018,4,14,"filetype",54,NA
"1728",2018,4,14,"prefer-recent",48,NA
"1729",2018,4,14,"filemime",58,NA
"1730",2018,4,14,"phrase_match_prefix",70,NA
"1731",2018,4,14,"full_text",23690221,1185
"1732",2018,4,14,"filter_only",7091,NA
"1733",2018,4,14,"linksto",3,NA
"1734",2018,4,14,"fileres",58,NA
"1735",2018,4,15,"query_string",108326,248
"1736",2018,4,15,"entity_full_text",5556,NA
"1737",2018,4,15,"inlanguage",55,NA
"1738",2018,4,15,"contentmodel",65,NA
"1739",2018,4,15,"prefer-recent",54,NA
"1740",2018,4,15,"full_text_querystring",1340217,271
"1741",2018,4,15,"intitle",13523,NA
"1742",2018,4,15,"prefix",16710,9
"1743",2018,4,15,"incategory",6686,NA
"1744",2018,4,15,"hastemplate",1009,NA
"1745",2018,4,15,"phrase_match_prefix",129,NA
"1746",2018,4,15,"full_text",27145276,1349
"1747",2018,4,15,"filter_only",7036,9
"1748",2018,4,15,"insource",1369,9
"1749",2018,4,15,"linksto",17,NA
"1750",2018,4,15,"filetype",19,NA
"1751",2018,4,15,"full_text_simple_match",25798023,1069
"1752",2018,4,16,"entity_full_text",7997,NA
"1753",2018,4,16,"insource",1800,40
"1754",2018,4,16,"prefix",21043,32
"1755",2018,4,16,"hastemplate",369,NA
"1756",2018,4,16,"contentmodel",18,NA
"1757",2018,4,16,"filter_only",10079,48
"1758",2018,4,16,"full_text_simple_match",30585689,1291
"1759",2018,4,16,"linksto",327,NA
"1760",2018,4,16,"inlanguage",15,NA
"1761",2018,4,16,"full_text_querystring",1477063,106
"1762",2018,4,16,"fileres",6,NA
"1763",2018,4,16,"full_text",32072831,1445
"1764",2018,4,16,"phrase_match_prefix",67,8
"1765",2018,4,16,"query_string",120063,86
"1766",2018,4,16,"filemime",24,NA
"1767",2018,4,16,"filetype",58,NA
"1768",2018,4,16,"incategory",9660,8
"1769",2018,4,16,"intitle",16156,9
"1770",2018,4,16,"prefer-recent",277,NA
"1771",2018,4,17,"full_text_simple_match",30541474,1187
"1772",2018,4,17,"filter_only",8373,66
"1773",2018,4,17,"query_string",113650,33
"1774",2018,4,17,"incategory",6633,NA
"1775",2018,4,17,"insource",1420,74
"1776",2018,4,17,"intitle",14551,11
"1777",2018,4,17,"inlanguage",23,NA
"1778",2018,4,17,"nearcoord",1,NA
"1779",2018,4,17,"linksto",25,NA
"1780",2018,4,17,"filemime",7,7
"1781",2018,4,17,"full_text_querystring",1445017,39
"1782",2018,4,17,"contentmodel",16,NA
"1783",2018,4,17,"prefer-recent",161,NA
"1784",2018,4,17,"full_text",31994864,1292
"1785",2018,4,17,"hastemplate",352,NA
"1786",2018,4,17,"filetype",152,NA
"1787",2018,4,17,"entity_full_text",7960,NA
"1788",2018,4,17,"phrase_match_prefix",1135,NA
"1789",2018,4,17,"prefix",21077,NA
"1790",2018,4,18,"nearcoord",3,NA
"1791",2018,4,18,"linksto",54,NA
"1792",2018,4,18,"filter_only",10089,65
"1793",2018,4,18,"inlanguage",6,NA
"1794",2018,4,18,"filetype",12,NA
"1795",2018,4,18,"phrase_match_prefix",2216,NA
"1796",2018,4,18,"query_string",118731,56
"1797",2018,4,18,"intitle",14850,2
"1798",2018,4,18,"insource",2905,54
"1799",2018,4,18,"full_text_querystring",1425522,67
"1800",2018,4,18,"filemime",4,NA
"1801",2018,4,18,"contentmodel",42,NA
"1802",2018,4,18,"prefer-recent",78,NA
"1803",2018,4,18,"prefix",19454,8
"1804",2018,4,18,"full_text",31550932,924
"1805",2018,4,18,"entity_full_text",8097,NA
"1806",2018,4,18,"hastemplate",34,NA
"1807",2018,4,18,"incategory",7642,16
"1808",2018,4,18,"full_text_simple_match",30115321,792
"1809",2018,4,19,"entity_full_text",7688,NA
"1810",2018,4,19,"full_text",30761601,1230
"1811",2018,4,19,"filetype",16,NA
"1812",2018,4,19,"inlanguage",2,NA
"1813",2018,4,19,"filter_only",9175,8
"1814",2018,4,19,"phrase_match_prefix",1558,NA
"1815",2018,4,19,"linksto",47,NA
"1816",2018,4,19,"query_string",112541,57
"1817",2018,4,19,"filemime",2,NA
"1818",2018,4,19,"full_text_simple_match",29362263,1141
"1819",2018,4,19,"incategory",7231,8
"1820",2018,4,19,"full_text_querystring",1390163,81
"1821",2018,4,19,"hastemplate",474,NA
"1822",2018,4,19,"prefix",19890,16
"1823",2018,4,19,"prefer-recent",62,NA
"1824",2018,4,19,"intitle",12714,14
"1825",2018,4,19,"insource",3250,8
"1826",2018,4,20,"query_string",102087,40
"1827",2018,4,20,"phrase_match_prefix",34,NA
"1828",2018,4,20,"prefix",18747,24
"1829",2018,4,20,"inlanguage",11,NA
"1830",2018,4,20,"full_text_querystring",1297844,42
"1831",2018,4,20,"full_text_simple_match",25942363,1600
"1832",2018,4,20,"full_text",27246687,1706
"1833",2018,4,20,"entity_full_text",6574,NA
"1834",2018,4,20,"hastemplate",161,NA
"1835",2018,4,20,"linksto",45,NA
"1836",2018,4,20,"prefer-recent",72,NA
"1837",2018,4,20,"incategory",5925,NA
"1838",2018,4,20,"filter_only",6480,64
"1839",2018,4,20,"insource",1858,64
"1840",2018,4,20,"intitle",13218,14
"1841",2018,4,20,"filetype",106,NA
"1842",2018,4,21,"entity_full_text",6801,NA
"1843",2018,4,21,"incategory",5816,NA
"1844",2018,4,21,"full_text_querystring",1204287,112
"1845",2018,4,21,"linksto",142,NA
"1846",2018,4,21,"full_text_simple_match",22138588,1314
"1847",2018,4,21,"intitle",12578,NA
"1848",2018,4,21,"insource",1529,76
"1849",2018,4,21,"fileres",84,NA
"1850",2018,4,21,"filter_only",6628,99
"1851",2018,4,21,"full_text",23349503,1525
"1852",2018,4,21,"filetype",35,NA
"1853",2018,4,21,"filemime",88,NA
"1854",2018,4,21,"prefer-recent",57,NA
"1855",2018,4,21,"query_string",94844,76
"1856",2018,4,21,"phrase_match_prefix",82,NA
"1857",2018,4,21,"prefix",13574,24
"1858",2018,4,21,"inlanguage",2,NA
"1859",2018,4,21,"hastemplate",181,88
"1860",2018,4,22,"prefer-recent",560,NA
"1861",2018,4,22,"full_text_querystring",1327815,44
"1862",2018,4,22,"inlanguage",3,NA
"1863",2018,4,22,"fileres",1,NA
"1864",2018,4,22,"linksto",92,NA
"1865",2018,4,22,"intitle",14640,NA
"1866",2018,4,22,"query_string",101695,44
"1867",2018,4,22,"contentmodel",1,NA
"1868",2018,4,22,"neartitle",40,NA
"1869",2018,4,22,"filetype",60,NA
"1870",2018,4,22,"phrase_match_prefix",39,NA
"1871",2018,4,22,"filemime",38,NA
"1872",2018,4,22,"full_text",27195832,855
"1873",2018,4,22,"full_text_simple_match",25860839,779
"1874",2018,4,22,"insource",2140,32
"1875",2018,4,22,"incategory",6563,NA
"1876",2018,4,22,"filter_only",7178,32
"1877",2018,4,22,"entity_full_text",6583,NA
"1878",2018,4,22,"prefix",19546,8
"1879",2018,4,22,"hastemplate",246,NA
"1880",2018,4,23,"filter_only",5737,24
"1881",2018,4,23,"intitle",14403,14
"1882",2018,4,23,"hastemplate",638,NA
"1883",2018,4,23,"incategory",5604,NA
"1884",2018,4,23,"filemime",48,NA
"1885",2018,4,23,"linksto",101,NA
"1886",2018,4,23,"contentmodel",60,NA
"1887",2018,4,23,"prefer-recent",65,NA
"1888",2018,4,23,"phrase_match_prefix",230,NA
"1889",2018,4,23,"full_text_simple_match",30689335,1070
"1890",2018,4,23,"full_text",32150559,1167
"1891",2018,4,23,"query_string",115222,65
"1892",2018,4,23,"fileres",42,NA
"1893",2018,4,23,"boost-neartitle",42,NA
"1894",2018,4,23,"prefix",23732,NA
"1895",2018,4,23,"inlanguage",15,NA
"1896",2018,4,23,"insource",813,32
"1897",2018,4,23,"entity_full_text",6784,NA
"1898",2018,4,23,"filetype",49,NA
"1899",2018,4,23,"full_text_querystring",1455487,73
"1900",2018,4,24,"inlanguage",10,NA
"1901",2018,4,24,"insource",2093,24
"1902",2018,4,24,"fileh",5,NA
"1903",2018,4,24,"phrase_match_prefix",74,NA
"1904",2018,4,24,"entity_full_text",7753,NA
"1905",2018,4,24,"filew",9,NA
"1906",2018,4,24,"full_text_querystring",1461900,52
"1907",2018,4,24,"filter_only",9113,40
"1908",2018,4,24,"full_text_simple_match",30756666,1427
"1909",2018,4,24,"subpageof",42,NA
"1910",2018,4,24,"prefer-recent",40,NA
"1911",2018,4,24,"filetype",25,NA
"1912",2018,4,24,"filesize",2,NA
"1913",2018,4,24,"query_string",124090,44
"1914",2018,4,24,"linksto",48,NA
"1915",2018,4,24,"filemime",15,NA
"1916",2018,4,24,"incategory",9328,NA
"1917",2018,4,24,"contentmodel",8,NA
"1918",2018,4,24,"hastemplate",107,16
"1919",2018,4,24,"intitle",13357,NA
"1920",2018,4,24,"full_text",32227679,1519
"1921",2018,4,24,"prefix",21962,40
"1922",2018,4,25,"intitle",14694,8
"1923",2018,4,25,"insource",1413,56
"1924",2018,4,25,"incategory",6637,NA
"1925",2018,4,25,"full_text_simple_match",30188119,941
"1926",2018,4,25,"inlanguage",13,NA
"1927",2018,4,25,"filter_only",7191,56
"1928",2018,4,25,"phrase_match_prefix",9,NA
"1929",2018,4,25,"linksto",222,NA
"1930",2018,4,25,"full_text",31603190,1097
"1931",2018,4,25,"filetype",48,NA
"1932",2018,4,25,"query_string",112414,91
"1933",2018,4,25,"prefix",20838,72
"1934",2018,4,25,"entity_full_text",8056,NA
"1935",2018,4,25,"prefer-recent",46,NA
"1936",2018,4,25,"full_text_querystring",1407880,100
"1937",2018,4,25,"hastemplate",256,8
"1938",2018,4,25,"fileh",15,15
"1939",2018,4,25,"filew",10,5
"1940",2018,4,26,"insource",2192,16
"1941",2018,4,26,"full_text_querystring",1406078,57
"1942",2018,4,26,"entity_full_text",7136,NA
"1943",2018,4,26,"subpageof",8,8
"1944",2018,4,26,"phrase_match_prefix",50,NA
"1945",2018,4,26,"full_text",30373332,1246
"1946",2018,4,26,"linksto",100,NA
"1947",2018,4,26,"filetype",9,NA
"1948",2018,4,26,"incategory",6277,NA
"1949",2018,4,26,"intitle",13751,70
"1950",2018,4,26,"prefix",19031,NA
"1951",2018,4,26,"query_string",114075,41
"1952",2018,4,26,"prefer-recent",67,NA
"1953",2018,4,26,"inlanguage",21,NA
"1954",2018,4,26,"hastemplate",186,NA
"1955",2018,4,26,"full_text_simple_match",28960495,1165
"1956",2018,4,26,"filter_only",6759,24
"1957",2018,4,27,"full_text_querystring",1332696,16
"1958",2018,4,27,"filew",11,NA
"1959",2018,4,27,"filesize",1,NA
"1960",2018,4,27,"inlanguage",17,NA
"1961",2018,4,27,"insource",1416,312
"1962",2018,4,27,"entity_full_text",8595,NA
"1963",2018,4,27,"prefix",17699,22
"1964",2018,4,27,"filemime",12,NA
"1965",2018,4,27,"filetype",34,NA
"1966",2018,4,27,"prefer-recent",46,NA
"1967",2018,4,27,"full_text",26916379,1188
"1968",2018,4,27,"linksto",22,NA
"1969",2018,4,27,"phrase_match_prefix",9,NA
"1970",2018,4,27,"filter_only",6423,392
"1971",2018,4,27,"hastemplate",273,72
"1972",2018,4,27,"full_text_simple_match",25577260,780
"1973",2018,4,27,"incategory",6498,272
"1974",2018,4,27,"intitle",12427,NA
"1975",2018,4,27,"query_string",98805,NA
"1976",2018,4,28,"filetype",34,NA
"1977",2018,4,28,"boost-nearcoord",4,NA
"1978",2018,4,28,"filemime",7,NA
"1979",2018,4,28,"inlanguage",3,NA
"1980",2018,4,28,"entity_full_text",6454,NA
"1981",2018,4,28,"contentmodel",2,NA
"1982",2018,4,28,"boost-neartitle",4,NA
"1983",2018,4,28,"boost-templates",8,NA
"1984",2018,4,28,"insource",1311,64
"1985",2018,4,28,"hastemplate",174,NA
"1986",2018,4,28,"full_text_querystring",1201694,110
"1987",2018,4,28,"intitle",11143,15
"1988",2018,4,28,"incategory",5873,NA
"1989",2018,4,28,"full_text_simple_match",21316870,966
"1990",2018,4,28,"linksto",12,NA
"1991",2018,4,28,"full_text",22524129,1140
"1992",2018,4,28,"filter_only",5565,64
"1993",2018,4,28,"fileres",6,NA
"1994",2018,4,28,"subpageof",48,NA
"1995",2018,4,28,"phrase_match_prefix",17,NA
"1996",2018,4,28,"prefix",13026,8
"1997",2018,4,28,"query_string",91617,94
"1998",2018,4,28,"prefer-recent",32,NA
"1999",2018,4,29,"linksto",19,NA
"2000",2018,4,29,"full_text",24867956,1664
"2001",2018,4,29,"inlanguage",4,NA
"2002",2018,4,29,"filter_only",7819,24
"2003",2018,4,29,"prefer-recent",34,NA
"2004",2018,4,29,"filemime",3,NA
"2005",2018,4,29,"query_string",98827,51
"2006",2018,4,29,"local",5,NA
"2007",2018,4,29,"full_text_querystring",1236501,138
"2008",2018,4,29,"incategory",7700,8
"2009",2018,4,29,"phrase_match_prefix",13,NA
"2010",2018,4,29,"full_text_simple_match",23623636,1502
"2011",2018,4,29,"prefix",14415,8
"2012",2018,4,29,"insource",1791,24
"2013",2018,4,29,"intitle",13139,2
"2014",2018,4,29,"contentmodel",16,NA
"2015",2018,4,29,"hastemplate",105,NA
"2016",2018,4,29,"entity_full_text",6343,NA
"2017",2018,4,29,"filetype",19,NA
"2018",2018,4,30,"filter_only",6751,16
"2019",2018,4,30,"full_text_querystring",1343907,31
"2020",2018,4,30,"nearcoord",2,NA
"2021",2018,4,30,"intitle",13404,48
"2022",2018,4,30,"full_text",27308575,1035
"2023",2018,4,30,"filetype",17,NA
"2024",2018,4,30,"incategory",6100,NA
"2025",2018,4,30,"phrase_match_prefix",42,NA
"2026",2018,4,30,"entity_full_text",7197,NA
"2027",2018,4,30,"filemime",6,NA
"2028",2018,4,30,"hastemplate",403,16
"2029",2018,4,30,"linksto",84,NA
"2030",2018,4,30,"full_text_simple_match",25957917,988
"2031",2018,4,30,"query_string",123278,24
"2032",2018,4,30,"insource",2719,8
"2033",2018,4,30,"inlanguage",3,NA
"2034",2018,4,30,"prefer-recent",83,NA
"2035",2018,4,30,"prefix",19995,NA
"2036",2018,5,1,"contentmodel",8,NA
"2037",2018,5,1,"insource",2387,56
"2038",2018,5,1,"entity_full_text",6615,NA
"2039",2018,5,1,"filter_only",8343,56
"2040",2018,5,1,"inlanguage",12,NA
"2041",2018,5,1,"nearcoord",6,NA
"2042",2018,5,1,"linksto",7,NA
"2043",2018,5,1,"prefer-recent",41,NA
"2044",2018,5,1,"hastemplate",902,NA
"2045",2018,5,1,"filemime",27,NA
"2046",2018,5,1,"phrase_match_prefix",115,NA
"2047",2018,5,1,"prefix",19037,8
"2048",2018,5,1,"query_string",118301,357
"2049",2018,5,1,"fileres",24,NA
"2050",2018,5,1,"filesize",14,NA
"2051",2018,5,1,"full_text_querystring",1329701,365
"2052",2018,5,1,"intitle",12230,8
"2053",2018,5,1,"full_text",27812021,1671
"2054",2018,5,1,"incategory",6561,NA
"2055",2018,5,1,"filetype",21,NA
"2056",2018,5,1,"full_text_simple_match",26473977,1250
"2057",2018,5,2,"entity_full_text",8829,NA
"2058",2018,5,2,"phrase_match_prefix",75,NA
"2059",2018,5,2,"full_text",30179203,1039
"2060",2018,5,2,"linksto",23,NA
"2061",2018,5,2,"filetype",3,NA
"2062",2018,5,2,"incategory",6723,NA
"2063",2018,5,2,"intitle",13312,NA
"2064",2018,5,2,"prefix",24423,57
"2065",2018,5,2,"filemime",1,NA
"2066",2018,5,2,"query_string",110746,34
"2067",2018,5,2,"prefer-recent",106,NA
"2068",2018,5,2,"inlanguage",4,1
"2069",2018,5,2,"hastemplate",1538,NA
"2070",2018,5,2,"full_text_simple_match",28801692,954
"2071",2018,5,2,"filter_only",8143,43
"2072",2018,5,2,"insource",1346,50
"2073",2018,5,2,"full_text_querystring",1369368,42
"2074",2018,5,3,"linksto",21,NA
"2075",2018,5,3,"query_string",113125,245
"2076",2018,5,3,"contentmodel",65,NA
"2077",2018,5,3,"full_text",30011994,1456
"2078",2018,5,3,"full_text_querystring",1306429,268
"2079",2018,5,3,"full_text_simple_match",28692323,1092
"2080",2018,5,3,"filetype",19,8
"2081",2018,5,3,"entity_full_text",7659,NA
"2082",2018,5,3,"prefer-recent",75,NA
"2083",2018,5,3,"fileh",8,8
"2084",2018,5,3,"phrase_match_prefix",109,NA
"2085",2018,5,3,"prefix",19655,16
"2086",2018,5,3,"hastemplate",397,88
"2087",2018,5,3,"filew",8,8
"2088",2018,5,3,"insource",1639,80
"2089",2018,5,3,"inlanguage",10,NA
"2090",2018,5,3,"intitle",13111,79
"2091",2018,5,3,"incategory",12688,32
"2092",2018,5,3,"filter_only",13242,96
"2093",2018,5,4,"inlanguage",6,NA
"2094",2018,5,4,"insource",1915,NA
"2095",2018,5,4,"fileh",16,NA
"2096",2018,5,4,"filesize",1,NA
"2097",2018,5,4,"filew",33,NA
"2098",2018,5,4,"full_text",27136790,1023
"2099",2018,5,4,"entity_full_text",7463,NA
"2100",2018,5,4,"query_string",118960,74
"2101",2018,5,4,"hastemplate",621,NA
"2102",2018,5,4,"full_text_querystring",1305615,106
"2103",2018,5,4,"filetype",140,NA
"2104",2018,5,4,"prefer-recent",60,NA
"2105",2018,5,4,"filter_only",10207,8
"2106",2018,5,4,"linksto",62,NA
"2107",2018,5,4,"phrase_match_prefix",48,NA
"2108",2018,5,4,"intitle",12692,24
"2109",2018,5,4,"incategory",9392,NA
"2110",2018,5,4,"full_text_simple_match",25820968,909
"2111",2018,5,4,"prefix",20267,88
"2112",2018,5,5,"filemime",4,NA
"2113",2018,5,5,"filetype",35,NA
"2114",2018,5,5,"entity_full_text",4948,NA
"2115",2018,5,5,"full_text_simple_match",21308706,634
"2116",2018,5,5,"filter_only",8786,16
"2117",2018,5,5,"filebits",1,NA
"2118",2018,5,5,"prefix",13764,8
"2119",2018,5,5,"incategory",7835,NA
"2120",2018,5,5,"linksto",88,NA
"2121",2018,5,5,"insource",2374,16
"2122",2018,5,5,"query_string",97374,146
"2123",2018,5,5,"full_text_querystring",1243471,182
"2124",2018,5,5,"prefer-recent",65,NA
"2125",2018,5,5,"full_text",22560963,832
"2126",2018,5,5,"inlanguage",36,NA
"2127",2018,5,5,"hastemplate",831,8
"2128",2018,5,5,"intitle",12085,24
"2129",2018,5,5,"phrase_match_prefix",35,NA
"2130",2018,5,6,"contentmodel",8,NA
"2131",2018,5,6,"prefer-recent",30,NA
"2132",2018,5,6,"filter_only",1083,NA
"2133",2018,5,6,"intitle",2504,NA
"2134",2018,5,6,"hastemplate",63,NA
"2135",2018,5,6,"incategory",1126,NA
"2136",2018,5,6,"inlanguage",1,NA
"2137",2018,5,6,"insource",180,NA
"2138",2018,5,6,"entity_full_text",1144,NA
"2139",2018,5,6,"phrase_match_prefix",17,NA
"2140",2018,5,6,"full_text_simple_match",5174159,84
"2141",2018,5,6,"linksto",24,NA
"2142",2018,5,6,"full_text",5624135,92
"2143",2018,5,6,"full_text_querystring",448893,8
"2144",2018,5,6,"query_string",22484,8
"2145",2018,5,6,"prefix",3586,16
"2146",2018,5,7,"filter_only",1409,16
"2147",2018,5,7,"full_text_simple_match",5476529,216
"2148",2018,5,7,"full_text",5947161,232
"2149",2018,5,7,"entity_full_text",992,NA
"2150",2018,5,7,"hastemplate",30,NA
"2151",2018,5,7,"insource",191,16
"2152",2018,5,7,"intitle",2398,NA
"2153",2018,5,7,"query_string",19811,NA
"2154",2018,5,7,"prefix",3663,NA
"2155",2018,5,7,"prefer-recent",12,NA
"2156",2018,5,7,"contentmodel",65,NA
"2157",2018,5,7,"filetype",7,NA
"2158",2018,5,7,"inlanguage",6,NA
"2159",2018,5,7,"full_text_querystring",469223,NA
"2160",2018,5,7,"incategory",1230,NA
"2161",2018,5,8,"entity_full_text",1288,NA
"2162",2018,5,8,"filetype",1,NA
"2163",2018,5,8,"query_string",21115,4
"2164",2018,5,8,"inlanguage",12,NA
"2165",2018,5,8,"filter_only",1468,1
"2166",2018,5,8,"insource",223,4
"2167",2018,5,8,"linksto",10,NA
"2168",2018,5,8,"full_text_querystring",471362,4
"2169",2018,5,8,"prefix",3134,NA
"2170",2018,5,8,"full_text",6220662,43
"2171",2018,5,8,"incategory",1310,NA
"2172",2018,5,8,"full_text_simple_match",5747832,38
"2173",2018,5,8,"contentmodel",1,NA
"2174",2018,5,8,"intitle",2538,NA
"2175",2018,5,8,"prefer-recent",20,NA
"2176",2018,5,9,"fileh",36,NA
"2177",2018,5,9,"linksto",15,NA
"2178",2018,5,9,"filetype",10,NA
"2179",2018,5,9,"full_text_querystring",461389,143
"2180",2018,5,9,"prefer-recent",6,NA
"2181",2018,5,9,"filew",30,NA
"2182",2018,5,9,"inlanguage",4,NA
"2183",2018,5,9,"insource",201,NA
"2184",2018,5,9,"entity_full_text",1262,1
"2185",2018,5,9,"phrase_match_prefix",14,NA
"2186",2018,5,9,"prefix",2892,NA
"2187",2018,5,9,"filter_only",1759,NA
"2188",2018,5,9,"intitle",2673,2
"2189",2018,5,9,"hastemplate",1,NA
"2190",2018,5,9,"full_text_simple_match",5554354,297
"2191",2018,5,9,"full_text",6017502,440
"2192",2018,5,9,"incategory",1656,NA
"2193",2018,5,9,"query_string",18915,7
"2194",2018,5,10,"full_text_querystring",445645,218
"2195",2018,5,10,"inlanguage",2,NA
"2196",2018,5,10,"query_string",19665,176
"2197",2018,5,10,"full_text_simple_match",5171730,471
"2198",2018,5,10,"full_text",5619527,863
"2199",2018,5,10,"entity_full_text",1018,7
"2200",2018,5,10,"intitle",2644,NA
"2201",2018,5,10,"prefix",3428,39
"2202",2018,5,10,"insource",228,NA
"2203",2018,5,10,"filter_only",2152,174
"2204",2018,5,10,"incategory",2070,174
"2205",2018,5,10,"hastemplate",176,NA
"2206",2018,5,11,"full_text_querystring",442745,78
"2207",2018,5,11,"full_text",5670791,535
"2208",2018,5,11,"phrase_match_prefix",14,NA
"2209",2018,5,11,"filter_only",1175,37
"2210",2018,5,11,"full_text_simple_match",5226871,420
"2211",2018,5,11,"prefix",5024,136
"2212",2018,5,11,"insource",115,7
"2213",2018,5,11,"prefer-recent",20,NA
"2214",2018,5,11,"query_string",21365,43
"2215",2018,5,11,"incategory",1023,NA
"2216",2018,5,11,"entity_full_text",1082,1
"2217",2018,5,11,"intitle",4638,NA
"2218",2018,5,12,"prefer-recent",9,NA
"2219",2018,5,12,"prefix",4550,39
"2220",2018,5,12,"entity_full_text",1107,NA
"2221",2018,5,12,"filter_only",2435,26
"2222",2018,5,12,"insource",191,NA
"2223",2018,5,12,"phrase_match_prefix",8,NA
"2224",2018,5,12,"full_text_querystring",352694,399
"2225",2018,5,12,"inlanguage",2,NA
"2226",2018,5,12,"full_text_simple_match",4203612,632
"2227",2018,5,12,"query_string",25334,213
"2228",2018,5,12,"full_text",4558741,1057
"2229",2018,5,12,"intitle",2514,113
"2230",2018,5,12,"hastemplate",73,54
"2231",2018,5,12,"filetype",2,NA
"2232",2018,5,12,"incategory",2851,8
"2233",2018,5,13,"prefer-recent",8,NA
"2234",2018,5,13,"incategory",1550,NA
"2235",2018,5,13,"hastemplate",132,NA
"2236",2018,5,13,"linksto",7,NA
"2237",2018,5,13,"full_text_querystring",390038,174
"2238",2018,5,13,"query_string",19493,67
"2239",2018,5,13,"full_text_simple_match",4310039,603
"2240",2018,5,13,"full_text",4701540,777
"2241",2018,5,13,"entity_full_text",1334,1
"2242",2018,5,13,"intitle",2805,68
"2243",2018,5,13,"prefix",2628,30
"2244",2018,5,13,"insource",432,NA
"2245",2018,5,13,"filter_only",1463,NA
"2246",2018,5,14,"filter_only",1970,12
"2247",2018,5,14,"intitle",2588,67
"2248",2018,5,14,"hastemplate",23,NA
"2249",2018,5,14,"full_text_simple_match",5271713,504
"2250",2018,5,14,"full_text",5746655,632
"2251",2018,5,14,"incategory",1917,NA
"2252",2018,5,14,"query_string",20018,74
"2253",2018,5,14,"linksto",337,NA
"2254",2018,5,14,"filetype",6,NA
"2255",2018,5,14,"full_text_querystring",472972,116
"2256",2018,5,14,"prefer-recent",12,NA
"2257",2018,5,14,"insource",403,6
"2258",2018,5,14,"entity_full_text",1118,6
"2259",2018,5,14,"contentmodel",48,NA
"2260",2018,5,14,"phrase_match_prefix",20,NA
"2261",2018,5,14,"prefix",3563,26
"2262",2018,5,15,"prefer-recent",20,NA
"2263",2018,5,15,"incategory",1348,NA
"2264",2018,5,15,"hastemplate",16,2
"2265",2018,5,15,"linksto",48,NA
"2266",2018,5,15,"full_text_querystring",469311,109
"2267",2018,5,15,"query_string",19742,26
"2268",2018,5,15,"full_text_simple_match",5540270,578
"2269",2018,5,15,"full_text",6011279,689
"2270",2018,5,15,"entity_full_text",1320,5
"2271",2018,5,15,"intitle",2778,NA
"2272",2018,5,15,"prefix",3840,NA
"2273",2018,5,15,"insource",466,NA
"2274",2018,5,15,"filter_only",1698,2
"2275",2018,5,16,"full_text_querystring",460776,137
"2276",2018,5,16,"inlanguage",37,NA
"2277",2018,5,16,"query_string",18732,91
"2278",2018,5,16,"full_text_simple_match",5615772,380
"2279",2018,5,16,"full_text",6078697,517
"2280",2018,5,16,"entity_full_text",1135,1
"2281",2018,5,16,"intitle",2338,NA
"2282",2018,5,16,"prefix",3467,NA
"2283",2018,5,16,"filetype",3,NA
"2284",2018,5,16,"insource",793,NA
"2285",2018,5,16,"filter_only",2149,NA
"2286",2018,5,16,"prefer-recent",12,NA
"2287",2018,5,16,"incategory",1788,NA
"2288",2018,5,16,"hastemplate",137,NA
"2289",2018,5,16,"phrase_match_prefix",8,NA
"2290",2018,5,17,"filter_only",1449,NA
"2291",2018,5,17,"prefer-recent",14,NA
"2292",2018,5,17,"incategory",1245,NA
"2293",2018,5,17,"hastemplate",22,NA
"2294",2018,5,17,"linksto",16,NA
"2295",2018,5,17,"full_text_querystring",484269,113
"2296",2018,5,17,"inlanguage",1,NA
"2297",2018,5,17,"query_string",18618,58
"2298",2018,5,17,"full_text_simple_match",5660567,518
"2299",2018,5,17,"full_text",6146285,631
"2300",2018,5,17,"entity_full_text",1076,1
"2301",2018,5,17,"intitle",2346,14
"2302",2018,5,17,"prefix",3617,6
"2303",2018,5,17,"filetype",1,NA
"2304",2018,5,17,"insource",357,NA
"2305",2018,5,18,"phrase_match_prefix",8,NA
"2306",2018,5,18,"full_text_querystring",484765,195
"2307",2018,5,18,"query_string",19322,87
"2308",2018,5,18,"full_text_simple_match",5515166,501
"2309",2018,5,18,"full_text",6001391,696
"2310",2018,5,18,"fileh",192,NA
"2311",2018,5,18,"entity_full_text",1382,17
"2312",2018,5,18,"intitle",2233,NA
"2313",2018,5,18,"prefix",3063,12
"2314",2018,5,18,"insource",333,NA
"2315",2018,5,18,"filter_only",1460,NA
"2316",2018,5,18,"contentmodel",52,NA
"2317",2018,5,18,"prefer-recent",14,NA
"2318",2018,5,18,"filew",192,NA
"2319",2018,5,18,"incategory",1212,NA
"2320",2018,5,18,"hastemplate",140,NA
"2321",2018,5,18,"linksto",8,NA
"2322",2018,5,19,"full_text_querystring",361677,80
"2323",2018,5,19,"full_text_simple_match",4331494,418
"2324",2018,5,19,"prefix",4074,NA
"2325",2018,5,19,"entity_full_text",1036,6
"2326",2018,5,19,"full_text",4694071,498
"2327",2018,5,19,"contentmodel",8,NA
"2328",2018,5,19,"query_string",17794,46
"2329",2018,5,19,"incategory",1042,NA
"2330",2018,5,19,"filter_only",900,NA
"2331",2018,5,19,"prefer-recent",24,NA
"2332",2018,5,19,"inlanguage",2,NA
"2333",2018,5,19,"filemime",39,24
"2334",2018,5,19,"filew",3,NA
"2335",2018,5,19,"intitle",2708,NA
"2336",2018,5,19,"insource",229,NA
"2337",2018,5,20,"filesize",56,NA
"2338",2018,5,20,"filetype",8,NA
"2339",2018,5,20,"subpageof",12,12
"2340",2018,5,20,"intitle",1904,NA
"2341",2018,5,20,"query_string",14624,30
"2342",2018,5,20,"hastemplate",72,12
"2343",2018,5,20,"insource",526,12
"2344",2018,5,20,"prefix",2514,90
"2345",2018,5,20,"full_text_simple_match",4584664,786
"2346",2018,5,20,"entity_full_text",806,2
"2347",2018,5,20,"prefer-recent",12,NA
"2348",2018,5,20,"full_text",4956668,1031
"2349",2018,5,20,"incategory",1398,NA
"2350",2018,5,20,"full_text_querystring",370317,173
"2351",2018,5,20,"filter_only",1687,72
"2352",2018,5,21,"filetype",9,NA
"2353",2018,5,21,"query_string",18505,39
"2354",2018,5,21,"intitle",2446,14
"2355",2018,5,21,"contentmodel",1,NA
"2356",2018,5,21,"full_text_querystring",490649,104
"2357",2018,5,21,"linksto",14,NA
"2358",2018,5,21,"phrase_match_prefix",6,NA
"2359",2018,5,21,"full_text",6099705,1065
"2360",2018,5,21,"prefix",3110,7
"2361",2018,5,21,"hastemplate",16,NA
"2362",2018,5,21,"entity_full_text",1089,9
"2363",2018,5,21,"full_text_simple_match",5607673,961
"2364",2018,5,21,"filter_only",1383,NA
"2365",2018,5,21,"insource",171,NA
"2366",2018,5,21,"incategory",2014,NA
"2367",2018,5,22,"hastemplate",600,NA
"2368",2018,5,22,"insource",358,27
"2369",2018,5,22,"intitle",2863,NA
"2370",2018,5,22,"query_string",19552,91
"2371",2018,5,22,"phrase_match_prefix",18,NA
"2372",2018,5,22,"prefix",3451,1
"2373",2018,5,22,"prefer-recent",8,NA
"2374",2018,5,22,"filetype",33,32
"2375",2018,5,22,"full_text_querystring",487842,297
"2376",2018,5,22,"incategory",1176,NA
"2377",2018,5,22,"filter_only",1997,27
"2378",2018,5,22,"full_text_simple_match",5891496,1045
"2379",2018,5,22,"full_text",6381335,1369
"2380",2018,5,22,"entity_full_text",1216,4
"2381",2018,5,23,"query_string",18758,119
"2382",2018,5,23,"filter_only",2958,91
"2383",2018,5,23,"insource",209,7
"2384",2018,5,23,"full_text_querystring",515453,291
"2385",2018,5,23,"prefix",3705,26
"2386",2018,5,23,"full_text",6511742,759
"2387",2018,5,23,"incategory",3431,68
"2388",2018,5,23,"full_text_simple_match",5993331,377
"2389",2018,5,23,"hastemplate",54,NA
"2390",2018,5,23,"phrase_match_prefix",6,NA
"2391",2018,5,23,"intitle",2421,20
"2392",2018,5,23,"entity_full_text",1685,7
"2393",2018,5,23,"subpageof",7,7
"2394",2018,5,24,"full_text",6385654,1008
"2395",2018,5,24,"entity_full_text",1616,9
"2396",2018,5,24,"intitle",2840,NA
"2397",2018,5,24,"prefix",3221,142
"2398",2018,5,24,"filetype",25,NA
"2399",2018,5,24,"insource",178,12
"2400",2018,5,24,"filter_only",1913,78
"2401",2018,5,24,"prefer-recent",16,NA
"2402",2018,5,24,"incategory",2697,66
"2403",2018,5,24,"hastemplate",52,NA
"2404",2018,5,24,"linksto",4,NA
"2405",2018,5,24,"phrase_match_prefix",6,NA
"2406",2018,5,24,"full_text_querystring",493103,222
"2407",2018,5,24,"inlanguage",3,NA
"2408",2018,5,24,"query_string",18794,56
"2409",2018,5,24,"full_text_simple_match",5890638,708
"2410",2018,5,25,"incategory",1246,NA
"2411",2018,5,25,"prefix",2645,NA
"2412",2018,5,25,"entity_full_text",1361,5
"2413",2018,5,25,"filter_only",1394,NA
"2414",2018,5,25,"insource",294,NA
"2415",2018,5,25,"full_text_querystring",485805,142
"2416",2018,5,25,"linksto",9,NA
"2417",2018,5,25,"full_text_simple_match",5512097,803
"2418",2018,5,25,"query_string",17199,26
"2419",2018,5,25,"full_text",5999296,945
"2420",2018,5,25,"intitle",1819,NA
"2421",2018,5,25,"hastemplate",174,NA
"2422",2018,5,26,"hastemplate",8,7
"2423",2018,5,26,"contentmodel",2,NA
"2424",2018,5,26,"prefer-recent",19,NA
"2425",2018,5,26,"filter_only",1381,24
"2426",2018,5,26,"full_text_simple_match",4467603,646
"2427",2018,5,26,"query_string",16711,210
"2428",2018,5,26,"full_text_querystring",343183,263
"2429",2018,5,26,"full_text",4812167,933
"2430",2018,5,26,"entity_full_text",1019,4
"2431",2018,5,26,"insource",400,108
"2432",2018,5,26,"incategory",1245,NA
"2433",2018,5,26,"phrase_match_prefix",6,NA
"2434",2018,5,26,"prefix",2531,NA
"2435",2018,5,26,"intitle",2682,158
"2436",2018,5,27,"filetype",1,NA
"2437",2018,5,27,"incategory",2119,NA
"2438",2018,5,27,"prefer-recent",36,NA
"2439",2018,5,27,"prefix",2694,36
"2440",2018,5,27,"entity_full_text",979,NA
"2441",2018,5,27,"filter_only",2253,NA
"2442",2018,5,27,"insource",315,NA
"2443",2018,5,27,"full_text_querystring",359889,158
"2444",2018,5,27,"linksto",8,NA
"2445",2018,5,27,"full_text_simple_match",4720335,774
"2446",2018,5,27,"query_string",19832,78
"2447",2018,5,27,"full_text",5082477,932
"2448",2018,5,27,"intitle",2234,NA
"2449",2018,5,27,"hastemplate",94,NA
"2450",2018,5,28,"filter_only",1882,13
"2451",2018,5,28,"full_text",6224987,865
"2452",2018,5,28,"incategory",1963,NA
"2453",2018,5,28,"linksto",22,21
"2454",2018,5,28,"prefer-recent",67,NA
"2455",2018,5,28,"prefix",3004,45
"2456",2018,5,28,"fileres",18,NA
"2457",2018,5,28,"full_text_querystring",493776,314
"2458",2018,5,28,"intitle",3022,6
"2459",2018,5,28,"insource",180,6
"2460",2018,5,28,"entity_full_text",1345,2
"2461",2018,5,28,"full_text_simple_match",5729329,538
"2462",2018,5,28,"query_string",21605,207
"2463",2018,5,28,"hastemplate",35,7
"2464",2018,5,28,"phrase_match_prefix",27,NA
"2465",2018,5,29,"intitle",3235,24
"2466",2018,5,29,"insource",390,60
"2467",2018,5,29,"entity_full_text",1317,3
"2468",2018,5,29,"full_text_simple_match",6137532,1007
"2469",2018,5,29,"filemime",1,1
"2470",2018,5,29,"filetype",2,NA
"2471",2018,5,29,"query_string",19874,171
"2472",2018,5,29,"hastemplate",46,NA
"2473",2018,5,29,"filter_only",1818,72
"2474",2018,5,29,"full_text",6624641,1326
"2475",2018,5,29,"inlanguage",1,NA
"2476",2018,5,29,"incategory",1550,12
"2477",2018,5,29,"prefer-recent",38,NA
"2478",2018,5,29,"prefix",3443,6
"2479",2018,5,29,"contentmodel",8,NA
"2480",2018,5,29,"full_text_querystring",485291,247
"2481",2018,5,30,"neartitle",10,NA
"2482",2018,5,30,"prefer-recent",16,NA
"2483",2018,5,30,"incategory",1717,324
"2484",2018,5,30,"haswbstatement",16,NA
"2485",2018,5,30,"hastemplate",119,NA
"2486",2018,5,30,"linksto",75,NA
"2487",2018,5,30,"phrase_match_prefix",16,NA
"2488",2018,5,30,"full_text_querystring",480679,413
"2489",2018,5,30,"query_string",19683,334
"2490",2018,5,30,"full_text_simple_match",6082024,649
"2491",2018,5,30,"full_text",6564665,1458
"2492",2018,5,30,"entity_full_text",2465,NA
"2493",2018,5,30,"intitle",2686,73
"2494",2018,5,30,"prefix",3502,78
"2495",2018,5,30,"insource",151,12
"2496",2018,5,30,"filter_only",1962,396
"2497",2018,5,31,"full_text_querystring",485841,560
"2498",2018,5,31,"query_string",20172,410
"2499",2018,5,31,"full_text_simple_match",5809365,598
"2500",2018,5,31,"full_text",6296560,1164
"2501",2018,5,31,"entity_full_text",1351,10
"2502",2018,5,31,"intitle",2152,66
"2503",2018,5,31,"prefix",3186,NA
"2504",2018,5,31,"insource",162,NA
"2505",2018,5,31,"filter_only",1354,6
"2506",2018,5,31,"prefer-recent",14,NA
"2507",2018,5,31,"incategory",1288,NA
"2508",2018,5,31,"haswbstatement",2,NA
"2509",2018,5,31,"hastemplate",6,NA
"2510",2018,5,31,"phrase_match_prefix",67,6
"2511",2018,6,1,"contentmodel",6,NA
"2512",2018,6,1,"intitle",12447,103
"2513",2018,6,1,"insource",1337,245
"2514",2018,6,1,"full_text_querystring",1284333,1331
"2515",2018,6,1,"full_text_simple_match",24484467,3445
"2516",2018,6,1,"prefer-recent",16,NA
"2517",2018,6,1,"filter_only",6885,94
"2518",2018,6,1,"linksto",76,NA
"2519",2018,6,1,"filetype",43,NA
"2520",2018,6,1,"entity_full_text",6967,41
"2521",2018,6,1,"phrase_match_prefix",13,NA
"2522",2018,6,1,"subpageof",21,21
"2523",2018,6,1,"query_string",97234,823
"2524",2018,6,1,"full_text",25775685,4870
"2525",2018,6,1,"prefix",17749,144
"2526",2018,6,1,"hastemplate",105,NA
"2527",2018,6,1,"incategory",7274,11
"2528",2018,6,1,"inlanguage",2,NA
"2529",2018,6,1,"filemime",28,NA
"2530",2018,6,1,"haswbstatement",23,2
"2531",2018,6,2,"prefix",14276,46
"2532",2018,6,2,"neartitle",28,28
"2533",2018,6,2,"hastemplate",260,62
"2534",2018,6,2,"fileh",8,8
"2535",2018,6,2,"entity_full_text",5484,61
"2536",2018,6,2,"insource",1150,103
"2537",2018,6,2,"filew",8,8
"2538",2018,6,2,"incategory",6854,18
"2539",2018,6,2,"haswbstatement",26,NA
"2540",2018,6,2,"linksto",184,NA
"2541",2018,6,2,"full_text_querystring",1212188,1336
"2542",2018,6,2,"query_string",88969,707
"2543",2018,6,2,"intitle",12080,98
"2544",2018,6,2,"filter_only",6278,137
"2545",2018,6,2,"inlanguage",10,10
"2546",2018,6,2,"full_text_simple_match",21714528,3881
"2547",2018,6,2,"filemime",8,8
"2548",2018,6,2,"full_text",22932994,5354
"2549",2018,6,2,"filetype",13,NA
"2550",2018,6,2,"contentmodel",8,NA
"2551",2018,6,2,"prefer-recent",112,NA
"2552",2018,6,2,"subpageof",6,NA
"2553",2018,6,2,"phrase_match_prefix",33,NA
"2554",2018,6,3,"intitle",12164,230
"2555",2018,6,3,"prefix",14525,43
"2556",2018,6,3,"haswbstatement",14,1
"2557",2018,6,3,"linksto",144,12
"2558",2018,6,3,"prefer-recent",48,NA
"2559",2018,6,3,"query_string",92459,1053
"2560",2018,6,3,"full_text_querystring",1227322,1376
"2561",2018,6,3,"hastemplate",616,NA
"2562",2018,6,3,"full_text",25627458,5263
"2563",2018,6,3,"entity_full_text",5488,61
"2564",2018,6,3,"full_text_simple_match",24392651,3651
"2565",2018,6,3,"incategory",7167,177
"2566",2018,6,3,"fileh",10,NA
"2567",2018,6,3,"filew",10,NA
"2568",2018,6,3,"filter_only",7485,236
"2569",2018,6,3,"insource",1349,267
"2570",2018,6,3,"inlanguage",4,NA
"2571",2018,6,3,"filemime",2,2
"2572",2018,6,3,"phrase_match_prefix",129,NA
"2573",2018,6,4,"intitle",13668,201
"2574",2018,6,4,"filetype",15,14
"2575",2018,6,4,"filemime",1,NA
"2576",2018,6,4,"fileheight",16,2
"2577",2018,6,4,"inlanguage",2,NA
"2578",2018,6,4,"haswbstatement",48,4
"2579",2018,6,4,"filter_only",7556,61
"2580",2018,6,4,"entity_full_text",8259,31
"2581",2018,6,4,"hastemplate",291,NA
"2582",2018,6,4,"linksto",257,NA
"2583",2018,6,4,"full_text",31289771,5573
"2584",2018,6,4,"incategory",6436,22
"2585",2018,6,4,"phrase_match_prefix",25,NA
"2586",2018,6,4,"full_text_simple_match",29846390,4033
"2587",2018,6,4,"fileres",4,NA
"2588",2018,6,4,"prefix",18798,38
"2589",2018,6,4,"full_text_querystring",1435825,1479
"2590",2018,6,4,"prefer-recent",130,NA
"2591",2018,6,4,"query_string",110417,1230
"2592",2018,6,4,"insource",2561,92
"2593",2018,6,4,"filewidth",19,2
